b1cd358495cae3df8e0e32147ef433cce83390c8,src/java,src/test
f8aa3e033c1fde4a434864f666315b433498d32c,src/java,src/test
3f09772b742d7886c5a18427c9838fb267cc335b,src/java,src/test
66c4b99ddc7daea806c1318a40736d0f5c8fa7bd,src/java,src/test
139636b502dd144b7f6070a8f30b46913ef6965a,src/java,src/test
5e313d14b2a10ce0aea529ac4db50e183f0b1e49,src/java,src/test
d0128142ff08d9a9dc5c1ca483594abb21f90353,src/java,src/test
f43e0a53c1f4d3335e720131973dfc8e1103f5f9,src/java,src/test
95a3fecee0f7a87624e490f0026b391188f9aceb,src/java,src/test
1d5610521f5846c1d6f7d0a65f93c384dbf33e8d,src/java,src/test
7c260a6e48a23792b87e7eb65b4b6a4e0dd913e2,src/java,src/test
d0df8e55b0d1a8e4a838fa522286963383f0b0a7,src/java,src/test
3af55cd334f9a279aabc5924583a769f9301448b,src/java,src/test
8357f61e3d872976034dc7710799fe53aeee6cb8,src/java,src/test
3d70b9cc190765f3c8edc85d47cb44f50d668c30,src/java,src/test
c493bb9126ae25bd9f1f20bf94931cfb671482f7,src/java,src/test
ad4e89087883b009b366b773fe7813d3f77818a7,src/java,src/test
142a6dd5eedf83e9bd5f077d64977969cc4be40c,src/java,src/test
01086ef5b312d7aa5ad231277950618cb93664ee,src/java,src/test
b147d16e647c9fa54b4ad14a76fd532906cec558,src/java,src/test
7cf943172b154019d7c6a66f4290272b2144e29a,src/java,src/test
8a5d3acab88bb2ef7416f3141d63f10b79d318cf,src/java,src/test
a202e9ca191f5d5b5c7720a634247266d59dc8ce,src/java,src/test
3ff264983398dbd55f78ba2078231c2c0672e208,src/java,src/test
5a3a0041a059031eaeea2558172cf01f19714c6e,src/java,src/test
975baeba6172fd711f2a13db791464e6b272a120,src/java,src/test
34bc1b54db9d78b983e9d48a0f1a5a1156393a95,src/java,src/test
4ac9d2bf8c81629646dc19f4d840293754e5cb57,src/java,src/test
6965d41836b7c55c708a885a6cdf94106047c070,src/java,src/test
c1351569a7184caee4ed7eacdf948f6a79db160f,src/java,src/test
e6d4f465446e5645f1a68f3d90964a6ade82f59e,src/java,src/test
7873bd62ee22efd0c32cddd94e388a80faab81b2,src/java,src/test
d887c5913fddcecad8483ec9a0cbf407ed08c157,src/java,src/test
441ed780ad999caf09ef5522983764977c8be45d,src/java,src/test
79ff10494b90ba99c339aadb87f6281c97aea966,src/java,src/test
f3eaf2ceae5d49c329ce8675d06b3003eb1ba389,src/java,src/test
0725e476d4cc66e6331bdceb4e29a54a9ce7f462,src/java,src/test
0122245f02ba7b22dd40f38c98aa2f08984707bd,src/java,src/test
3290bbc85420176f53bad1968611bf53798b2770,src/java,src/test
243e27cf065ec44bae10fb682597472a66d72559,src/java,src/test
653b3779ddbbe9b77f127f5cd31935437ac1e7e8,src/java,src/test
65eb026acf37ddd40baa50eab331a699f29b9a7b,src/java,src/test
ab6e5256d88ba65160635fd813d9af63100774f6,src/java,src/test
24921ebe3e93a1d77f2cc4725d1eee66f68a856a,src/java,src/test
b8a191f6b756bc038bc1cdfc34986515e6703953,src/java,src/test
f7a7f8145d15d1225945f376072837d1679f3279,src/java,src/test
46f3c54c56742ad3333efd964d31720b2df88869,src/java,src/test
2d728c3f228ccffe795b69ef37dd59d3bc5c8e38,src/java,src/test
e5e367a2b28823db9e2e31522bd6e67cc42dd7af,src/java,src/test
117fdf1a6e53c715f228e51cead16861fa9ae5f9,src/java,src/test
484bfbe25535134e011d72dcdc3ea7cf1154ec6e,src/java,src/test
fd3dc7c7dd10eb3358d12b250fd4018b3b17b77b,src/java,src/test
7035d2262465172d8cfcebeaae800aebe9e1273d,src/java,src/test
78bb9be97786c161654ca57c8406d72b767cbc2f,src/java,src/test
ac4f8bf346d344326a986aa16000db69b2fb4ffc,src/java,src/test
2e29ad2a8fd33955b488c1edd0b312a6837b7cb9,src/java,src/test
aa0e7d0a9285f272a811990e0cc9cd83d240adfa,src/java,src/test
4016c8eec992ab62747a55dcfb4be1878ecc232c,src/java,src/test
eebcb74fb5e80592aab80f6bbb756026c7812f19,src/java,src/test
4e6e6a8e07f3c2b595daef083d6f50ea99fef4a4,src/java,src/test
ca34318ae2fed482b75f0b4cd1a082bb17d4b9c9,src/java,src/test
a11dc6aa1d91106577c75a5986b691b41b493947,src/java,src/test
9976cbe48dc4e3fb5c9cb6b158c070ba8bfdb8f3,src/java,src/test
6cfa5daebc99c4b6c9a025675ea6b94cf2024b1e,src/java,src/test
8f9fe40f7c9456b67bfdb5fed4529135fd7385f2,src/java,src/test
d4c9c2c7bf40044db837f1bdf55d87d27c047221,src/java,src/test
b5e8745a419f27eff18a906bf3acceca6d6eb792,src/java,src/test
7d1c0ab0904c43eef9c20ff38fb56f7215e5743b,src/java,src/test
0e70e26a11b5ee68590957326702aaabcc183f5b,src/java,src/test
9b3bfe2fb931bd862046137492bea6c3f1e2a268,src/java,src/test
a6d51b8d2f124b71d420e2b1c5f901c503da65cd,src/java,src/test
ed3d9ab90be17fcf527b79ba140d5b5dae5c4310,src/java,src/test
152588c28661b0dee5d9456baf8b8d0035c3739d,src/java,src/test
0145c16a6ff8dced5e3cdb899a250dcd49ef780f,src/java,src/test
76cca602d5bbbfb4b1d1e2d6ece32cdb4495c065,src/java,src/test
13270785019dfc2866403df4c376c5621827771f,src/java,src/test
e4ba77b3b117b17efbbfd8f67ef31a5b76ded65a,src/java,src/test
cb19f2d73fb6ff6cbad5fa568534d1d05a5d47ff,src/java,src/test
f47898012324ba183221713ae20324e2a72930bb,src/java,src/test
d51a9262f2a11ef3a555adf36a9eb8bd0415289e,src/java,src/test
e441f8ee08e6eb081d1e7692f1cacd4844af82f4,src/main/java,src/test/java
f806874001b00b04d91192bcca7b5d4093f3cee0,src/main/java,src/test/java
68673c6c52ffca3a87e4ec6a8f2c11849d6d458c,src/main/java,src/test/java
b9b6f31089fedd0e3288b5ad80771a71ee1a65ca,src/main/java,src/test/java
0b83241a1ac009cd6f95d57209fadc05b6b4d268,src/main/java,src/test/java
970921c2196d804d7c2d8203881cd340a4d0df3e,src/main/java,src/test/java
eb88ae9669fc36a4030b5f6cf27c2ea8b8bb15f8,src/main/java,src/test/java
c531834764c31d56332b0918d404c3dbbf02ccac,src/main/java,src/test/java
19de811cafeb55fb519965cd89427416798e3040,src/main/java,src/test/java
f3e93a52db74730aeb06ed4e8445d12c61d9f193,src/main/java,src/test/java
bd2f3bcced1643373ee910dace2320674d2cc09d,src/main/java,src/test/java
ff9488b31ec4a6056f55c32ad3629de31e987ab7,src/main/java,src/test/java
a753ba0a0340dfab360d3932ea1e45de93689586,src/main/java,src/test/java
13c8e44e6a57f7abd0699ebc9ee4245b37abd918,src/main/java,src/test/java
cae889f3c01cd6e022d98530e867eb48abc03427,src/main/java,src/test/java
6db6aa496f268b7f7dd846ba7e01b69402794172,src/main/java,src/test/java
87d923f0d72c5e81105e6a1f8958e7800b79ef07,src/main/java,src/test/java
7c55e29e3ddfbebde9e57695274c3091b203b01c,src/main/java,src/test/java
37ace6950e0c63b4bfe3bb602be1fac9176ab1ba,src/main/java,src/test/java
20fdf174fee023f6d816771300e034d5f13947f6,src/main/java,src/test/java
09c256dbb3c3a3f39234651635cc814ec57cba8d,src/main/java,src/test/java
b7327a42da0a48e223dd7ce014439a36f1850929,src/main/java,src/test/java
fd5f2734a3c62204bd974ba5462f2a5fa6f54c58,src/main/java,src/test/java
bb72bc51ce46c102124d09ac862860f44d169cb4,src/main/java,src/test/java
459f14b33c02509a4b9cc5360f3ff2f4edba9284,src/main/java,src/test/java
bc715edab37df7003cd6387f93715ec797fd4d49,src/main/java,src/test/java
4303c163b15bd43cb34626c0cd2c7984e5644297,src/main/java,src/test/java
88b7b4b3a07390db01c9fe2ae15581ace220032b,src/main/java,src/test/java
dec0641e2f189c89e931b4ab59a06384582316b1,src/main/java,src/test/java
8338b9a252c0c4965ec2f63daaffe2edf055dbed,src/main/java,src/test/java
38bb9b4ac534abc95a83c75faf5e87cfe25319d4,src/main/java,src/test/java
b10fa43d3e29af6c6e79577c305fad99df01dff0,src/main/java,src/test/java
60591597c506504145a805b74ac1b638346c3afb,src/main/java,src/test/java
740344661c7eb5f819f45d9d0f64668624e9e00e,src/main/java,src/test/java
89d8791f05f0d28199820e87c683696f96d42f40,src/main/java,src/test/java
bb9952dbedc77f25fffda32d96e6494e2246bab3,src/main/java,src/test/java
89ebfe8f921be807d40b3cecc504b05d56c0d898,src/main/java,src/test/java
b88692f83a938e31fd5f703c99db2a5720cd9f3e,src/main/java,src/test/java
0ba8b8194e91302e9203ca6d3dd8646b0aa9946a,src/main/java,src/test/java
cdfd6b7a6784246360fe77fe3789696b8b93d877,src/main/java,src/test/java
88ca4cdf883e2a4d19b352c5faa7cdd02ba09aed,src/main/java,src/test/java
d5d29b625fef0a6b6c69fca9c03330d85de585de,src/main/java,src/test/java
83371b380d27b7073cc8b244568c7132ec0f534e,src/main/java,src/test/java
2bafac38a7f8f2fdf6379740135899460f67821a,src/main/java,src/test/java
fb7bae91d7fbde40767195dc8ea8166abd1bcb56,src/main/java,src/test/java
0f0b8710e24160576f29504ef3e3bcbe34f22770,src/main/java,src/test/java
0ec35de2c5bcf777230d2254c00f4a030da2c440,src/main/java,src/test/java
9036c09662238064160d6f38950c8feab7b756ba,src/main/java,src/test/java
f7a557a38ad44c819fb139203f99c188c0e92604,src/main/java,src/test/java
a48cafa52e5744638d6a8cfc37ece9c8f71430e3,src/main/java,src/test/java
5e01d361f02d8e0d21edcaf8587eff133d5681b3,src/main/java,src/test/java
50bd9f108b59f69d73eb8ca4d4c8a917895743a8,src/main/java,src/test/java
c9e1e5c8f51ec51e2927561fdcca2cc40d6893f6,src/main/java,src/test/java
4b9c68b55a6f82942d32c5149fa0363b8b6b39fc,src/main/java,src/test/java
803a9c6c17efbc98bc9513e6bf7e6900d4dbae2c,src/main/java,src/test/java
ce86f3f8aa7ecaa12f2c62737a801a73f6e386ab,src/main/java,src/test/java
9ea429c9778fb0dd32d605d41317feb6b2dbeccc,src/main/java,src/test/java
44dc835e0a40b57fbb505c30b3ffa6adb8663493,src/main/java,src/test/java
40ad5dc2dbac4a1e76befb2f77ea5044321c4cc9,src/main/java,src/test/java
10a5e1c6985cbe167798130f787e999f11aaa556,src/main/java,src/test/java
05f3b74fd581ea5f8946c64edcb293747b4d9a71,src/main/java,src/test/java
43e4df85bda71ca1500112912a83d3ed19868c4c,src/main/java,src/test/java
afcbced8ef5cd36ed74180af1ec333f13a158291,src/main/java,src/test/java
8283d966f47280f682a1407d499346a383d1b1a5,src/main/java,src/test/java
5878adfaf37ce37e6988956e4cd5c833c6ec61be,src/main/java,src/test/java
94cfd56bd9092e0fd8579120630dba0c857b7777,src/main/java,src/test/java
a5e94c1727b2520e47e66c7e144853fa009a2cab,src/main/java,src/test/java
3b57c46c76d5d655ec56869404539d56ef74e69b,src/main/java,src/test/java
2e36e5e9088a5e95956ed24709b4245f95b0f80c,src/main/java,src/test/java
8f5e319af8b310df2da9ed30bcd133cbcd6f00d3,src/main/java,src/test/java
edd64cfd822ae2ca2faa8dc1c73edc38a6e19f0f,src/main/java,src/test/java
8e34831a654ae57e29dba7a99211a36549e53377,src/main/java,src/test/java
ed085d064c0f80b0bcf382550d10fe6b6fc9f283,src/main/java,src/test/java
f9930aa9f3827267cc23e4123135710950237963,src/main/java,src/test/java
20619b096cbb250518fd99eed15a4ae81345ce9f,src/main/java,src/test/java
68c0a80d17688d6d56644deaaaec5d3575042587,src/main/java,src/test/java
f8186792d1ab2fcd69ace1ce74fe8cfbd9bed5d7,src/main/java,src/test/java
1c8fbeaec2ee80d45b78742d63aeec0c9d0c4e9a,src/main/java,src/test/java
7725a72c7322d3e3628ced092082d1b76baeeff4,src/main/java,src/test/java
a02dafa47d0b28996ee52d1cd442673aacced572,src/main/java,src/test/java
da4f36e8bdefc65da4525de2ac2171ec281cfb54,src/main/java,src/test/java
cbfea0420024e7dadac57603989ff954ec0ca35d,src/main/java,src/test/java
b1162d812eebc9298b7fd62eac1dac119ae5f271,src/main/java,src/test/java
74d39c4c4fcec53f91ef0a9c213b2909af440260,src/main/java,src/test/java
0cba84e103773cf86b8691593e9d8a0d8afec1fb,src/main/java,src/test/java
3361a74940a991e924073d882bc72f4d307422f3,src/main/java,src/test/java
4f00c553897cc3342089c4b40f7bed5f36e924de,src/main/java,src/test/java
74818aa847bb27980df7887a296a5737e5925ace,src/main/java,src/test/java
62e69cf4f2fcb3ad8bdc44f75f8a9e3e20ca7337,src/main/java,src/test/java
7df57879c92a467cd71860e6cfe14a04a49fd031,src/main/java,src/test/java
fe63f95fbff43495e57ebc37350798dee024cf9a,src/main/java,src/test/java
d639a9b43723053d63756fd4a63b50316a8a0e05,src/main/java,src/test/java
4951344fb2ce246e0cc5a2dff90d24cea6eb3a75,src/main/java,src/test/java
15ee56bd0f91ef807a3e729ab3410a834ef3fcef,src/main/java,src/test/java
72784c46f6a7d7644398db5c7ac8bd3822c523d4,src/main/java,src/test/java
539be680cd2b1a8f6833b28ee0cca22a88161466,src/main/java,src/test/java
04af9bc8eec8397c0a5c3502145db66eb0c87ecb,src/main/java,src/test/java
4f296da76cb2faeafebac39435a14b5a64aa258b,src/main/java,src/test/java
15ad7824efda1e1632d24f4c273796863841c537,src/main/java,src/test/java
3a1d8e7db0e13a69fd1bd272396fdb48a31fbbfc,src/main/java,src/test/java
e1527d3cb90c6afc1cda58143c69016aef8124bb,src/main/java,src/test/java
d172c62418267d2331d2916da98b9fcf18b50aa1,src/main/java,src/test/java
2ddd54a7ddfead528f2b1de92dc8dd16be7f5f89,src/main/java,src/test/java
a431ff8881eb8ac70af70af6483b03e3579574ca,src/main/java,src/test/java
bc85bab7a53a1569b4740c5b142b4dae062062de,src/main/java,src/test/java
0721f49bf0d8b954c8a4b8d75e5375de43af981e,src/main/java,src/test/java
c48007f44b05a445122e7c425e869b7ac479aa85,src/main/java,src/test/java
d61e967badf734499ccde4750729662b20d6545c,src/main/java,src/test/java
23c6db1db65eab139c13d2c3f889cf15687597e6,src/main/java,src/test/java
62e56cd3884d224e42cc8b449ef631a0909a19a3,src/main/java,src/test/java
a85fe84ce63f873b760e311f27ec42e05f1b3f42,src/main/java,src/test/java
320c0acf89acb5950a10816ca7dd083842ff739c,src/main/java,src/test/java
527213decc04c4b45393cd0f67e96cb7a67a8f66,src/main/java,src/test/java
d3d48f834749a31459a3201fa33b89d72eb42fe5,src/main/java,src/test/java
0a114bbdb01548a69c7a8c155bbdef7785ecb389,src/main/java,src/test/java
bb0a4b6b038bf912873d10fc0f124ac3238d3e32,src/main/java,src/test/java
ab82b11ddeba2161018a4ed2be3ce28c06408ff6,src/main/java,src/test/java
ad28a3cb5c5edae55fb7b0f4642ccbf14f3065c1,src/main/java,src/test/java
a3503a1b569977dc6f8f136dcdcdabe49b8249c1,src/main/java,src/test/java
b9284992ea3c8c484893517ee9df3b2274296959,src/main/java,src/test/java
939527bcc5b80a1788d876d7e47fb45d71d21424,src/main/java,src/test/java
45a0337e1d9d23126dcaeff9c0ad96c5b4011957,src/main/java,src/test/java
e6c2735e952c4972095afcd9f286d5c5c6f933a7,src/main/java,src/test/java
9acc3e824e2efa2e496df8458d207b5fb5722e6d,src/main/java,src/test/java
9dbf8388c5bfa0c7beb15e835b3a5e6fc74ecbf8,src/main/java,src/test/java
6180e44ff32c32092c0f4bff6b81236c099ff113,src/main/java,src/test/java
161aa07d8b2312d9143c7156fa529a4a1e1e9909,src/main/java,src/test/java
f59e419683d69e83bdf58139ed47fb0eeb74563d,src/main/java,src/test/java
9e64a3cb81d66793e0147d1b6f4b39a6caa24f62,src/main/java,src/test/java
6975b0567df3eb618ba30e245bc988f5c22d5bac,src/main/java,src/test/java
32155107dd982360e813d10d0c76f6f7cc2cc7bd,src/main/java,src/test/java
30e5023265aa76e6c32d3ba43952aac964112ebc,src/main/java,src/test/java
943e710f7c65cc6edb58e054bb418595129b64de,src/main/java,src/test/java
5d42c95c33cd0504b44fc28be817f278630ee703,src/main/java,src/test/java
1ca637930fccd475b3966db8ec76c3c5ff4b7287,src/main/java,src/test/java
a3b3b74ec6325cd19169fdbaea26f27a96a72fea,src/main/java,src/test/java
2db7aa771a4ee5cd0cae28fe54d7d89fa62da81f,src/main/java,src/test/java
39513f9142cb82b84181a11905b3866a49d5a3c0,src/main/java,src/test/java
583d96b0895beafad326793c0cd0d273013ff137,src/main/java,src/test/java
ae97a498d192a1fdc167b6b768961188eede17f9,src/main/java,src/test/java
640670bd862d008990c442d2d7cc26d7fb3b6e86,src/main/java,src/test/java
0f4a98cfe1940e3f7b341ef6d6dc87fd951e6e58,src/main/java,src/test/java
df22e0c5d2752a6d4540b4bcf82c1eade03ac6f7,src/main/java,src/test/java
159b36e66e6bc64039294c7c04bd147a9888fdd6,src/main/java,src/test/java
4c818fb356563d9bb0cc01cfde94825aeef33ffa,src/main/java,src/test/java
7c99c6234c7b403449420b2688fff3d516662591,src/main/java,src/test/java
73d69dfe8677210e44049bc1a2a7d1ff85bc1ca7,src/main/java,src/test/java
0acb702f3e6a6a3900d75f2b1df2aca76e853f11,src/main/java,src/test/java
68bbd2cf4a5c0eff498d46dddd527cb06274f852,src/main/java,src/test/java
3a9c4718ee0fd2eeef8b3ce151ee829fadbef5ae,src/main/java,src/test/java
f8bd75d37ca12c5d49c1b628c33c0b45e2d082eb,src/main/java,src/test/java
3b691712fd2dc7251907912124de0954f0652f6c,src/main/java,src/test/java
e585cd0433ae4cfbc56e58572b9869bd0c86b611,src/main/java,src/test/java
da1a5fe00d79e1840b7e52317933e9eb56e88246,src/main/java,src/test/java
7a72b1983c03f7b33e397cdfc5e8f0636bcd924e,src/main/java,src/test/java
3eee44cf63b1ebb0da6925e98b3dcc6ef1e4d610,src/main/java,src/test/java
78d47d4d098ab814a7a00a0b1c81646b27f050cf,src/main/java,src/test/java
ccda2db1619658077a07d577b7892d88f70c2d43,src/main/java,src/test/java
b2b8f4adc557e4ef1ee2fe5e0ab46866c06ec55b,src/main/java,src/test/java
796114ea4a9cc57ab17170536e1caa5933520c47,src/main/java,src/test/java
a270ff62852e62b5ac0f943a7e57292a72b77271,src/main/java,src/test/java
edf3867212b2075696ee2dcf7cc8c7c4733d4d31,src/main/java,src/test/java
3c1867e231093319b1bbbe5b0362d4063517cf24,src/main/java,src/test/java
a26fcf58e4404186c8af82920894a8b98af377bf,src/main/java,src/test/java
9f0d58985f4588981eefaca0408e767eff1bef73,src/main/java,src/test/java
8f346f9f1263b2fd5923abc0956134df15fd9325,src/main/java,src/test/java
1081b725bea339fcda33d70c71b9eb1859d60d8f,src/main/java,src/test/java
e736f41062e5dc4227fd5874b0f4e0e30ccad8a5,src/main/java,src/test/java
1cdad51a01ed767259016b5f6e34f873943e3c62,src/main/java,src/test/java
9d4f2ba886b003980f2c37a4de7a3e6c3c701820,src/main/java,src/test/java
1d21a49c27d9eab8d02785a783fcfba387a3e8e1,src/main/java,src/test/java
b5eb4fcc8d325810297f10c595961d4eee528ae0,src/main/java,src/test/java
eed8a7adb3de7441751e846f4a75d110dd205f23,src/main/java,src/test/java
be6789ced66778415184f6d36bf662704cbbd911,src/main/java,src/test/java
94cfcc6989af75eadab26041a484bf02ad374578,src/main/java,src/test/java
1e6435ec103c1d52b119602a3aa48bfa5775d01d,src/main/java,src/test/java
4a9bcd0f5211c91c4c2f47313c8f8013d0dfe03e,src/main/java,src/test/java
274c9c1d37a47ae9bc1cdec1b0b0e4189dd44845,src/main/java,src/test/java
b88b065aa955d7a7d8f74c427b05d2243eda0779,src/main/java,src/test/java
734f7f3dbd0fa0e9984aa157a1ad04bbf2c7f09e,src/main/java,src/test/java
80238cd1c04af009b04b4eddf54660dffa9b2405,src/main/java,src/test/java
d6800c606c502bb7c1de180dc9ac9686070aad37,src/main/java,src/test/java
74ad2114700446837ed451f36107a056301a65fc,src/main/java,src/test/java
d8fd53176635bf531184bbb16701d779e096b490,src/main/java,src/test/java
a424d2ff172aa3be9eb5155e732e6f61915d7b5e,src/main/java,src/test/java
dc828f8b16a4e34d474b2470041eb0d757853a09,src/main/java,src/test/java
1979a6e31067a18c9ede59ad4518f738512eba82,src/main/java,src/test/java
c15be5398fa8582f39d6c9b51dd943f6ff926450,src/main/java,src/test/java
5f0df4bf5d8dfc9e79fe26148e2f76d07701f9ce,src/main/java,src/test/java
89008f2b154a48545ad36ec9c970ce35f3327ac4,src/main/java,src/test/java
b4ac43e113dfe723856fe0186ef46923ca5ba573,src/main/java,src/test/java
b97da105fbccac149223327e49d29ac9024913fb,src/main/java,src/test/java
036bbf34d2742af78ff2c44f4223e1b268e1c12c,src/main/java,src/test/java
c46666c5ddbc14bfdb910949de49ac353676f03f,src/main/java,src/test/java
