28bee777663fe47959465a7c1b91f6dbb5154fd9,src/main/java,src/test/java
136c1bc523f34bd6085a37fec0da198f8f18dcd6,src/main/java,src/test/java
9506e0454826a77b19d65db9f852d96031af6712,src/main/java,src/test/java
62f2412f14b500b10eb8619edec69198a98c7b84,src/main/java,src/test/java
396afc3e4693cfee182efe582455f2d97058c068,src/main/java,src/test/java
d1a45e9738de5b3e299bb51e987565dcce55fee6,src/main/java,src/test/java
dcde57852a97a9ac8021d2440b3de5be4870ecf6,src/main/java,src/test/java
ef9623ef8ecc198849661eb5cd052938977f1d80,src/main/java,src/test/java
8b494b784dca4de7d79c58e0f00dd4756c04cf89,src/main/java,src/test/java
22c37d530734969c473fcc26278d6cb92bd622d0,src/main/java,src/test/java
ae987e17708f19aa230c51578e4b8c2d21acd7e8,src/main/java,src/test/java
8a1042959df80c06dbfa83896594caa8e20ff9d6,src/main/java,src/test/java
64cfee77e333d0c31a0fde0abe6dac3d97b0f078,src/main/java,src/test/java
8ef33a43ec0bf8dc9889467fa629dff185378912,src/main/java,src/test/java
03b4f61f142fad60772c19be96253c45b4ad27ab,src/main/java,src/test/java
cd91a4f2cd0ced1178e8fd1f49229196eb88094c,src/main/java,src/test/java
0cdc976684efcf478397b68c1d54cefc87bb92c9,src/main/java,src/test/java
9d73fe09ce5fa631ca56bf365110528b5d9608cc,src/main/java,src/test/java
bb95f8a19470f38587780d5b29387d328b9160f6,src/main/java,src/test/java
d49d8093e2497013c4d78b11d1462a33f451dfda,src/main/java,src/test/java
5df8f55e4fb60d4e7bc7c3280e0c919c0cb0ac37,src/main/java,src/test/java
b3db6ed9efd0b8ed8a940f2735abb156030d10f9,src/main/java,src/test/java
ad43a49dabd5cc14e8ff4b91dbb03477063c1314,src/main/java,src/test/java
bc255ccf5c239666ab54e5a31720d3f482ae78eb,src/main/java,src/test/java
4d46f014fb8ee44386feb5fec52509f35d0e36ea,src/main/java,src/test/java
e5a1ea6a765cb060104736d64f39a5b2a120896c,src/main/java,src/test/java
0c9622b749f3d49798059c74ad66a51f3c782b5a,src/main/java,src/test/java
ed8a17847952a611196112c05f35731712c957b8,src/main/java,src/test/java
f5a83bb90cf7b318ac72823e6b99d01d060abe41,src/main/java,src/test/java
52bcd9b8e82d4d1d287b0d75df1e161aff8c65ab,src/main/java,src/test/java
a7b467a74cbe1160d676dc070a19d19764e132a3,src/main/java,src/test/java
350cf8c2da08ccde6b4d71b19bb3df97256ea368,src/main/java,src/test/java
310edf6439712e5ec04bbd11ebf1f890cb44c0c5,src/main/java,src/test/java
4cdb63d6c09ee9a01b6dd0e969559d83f777d76f,src/main/java,src/test/java
641aa249c3dfec45cb46f5ed15b0c59bd66069f4,src/main/java,src/test/java
307c280caf4a0a60b4212f7dd0f854a32a3497e4,src/main/java,src/test/java
22d050b781ad859528398ba7e8ce00d7d2335555,src/main/java,src/test/java
6545db8bb7fc951a85031b01072d7cc6b40060e6,src/main/java,src/test/java
2be663db75e15f760ab03cf43ac97dd965414070,src/main/java,src/test/java
04babff3798680e012646988841bcc710a9e3c54,src/main/java,src/test/java
0490f1c291981b1d577a64ed61ee2c19eef8addf,src/main/java,src/test/java
cfab1e4fa19755d65de7b81206d86f9e98622d8e,src/main/java,src/test/java
77eed078c853ec624d9d38754b0003e45333e9f9,src/main/java,src/test/java
586e0b1c8a1126d69570af6a67b9726db259ee66,src/main/java,src/test/java
ad72b9f2bf37bd61af18bde67c1622d90a5d8766,src/main/java,src/test/java
65a6458eaa2e1f88278e4bb5753a68bd825e3a80,src/main/java,src/test/java
192b1e1b6b96da05cb000b2c89b71467cbfaf245,src/main/java,src/test/java
e582456625cc8a7056cc9354d2a75913f4ceb393,src/main/java,src/test/java
d7af9435485453053a61f9baaca616602d8a4fd8,src/main/java,src/test/java
73ea9c43c6013659d77b0b3663452c00fad5e2a0,src/main/java,src/test/java
5ffcb8d35bd83a6c93b65f1de7e6e7a6a4369de0,src/main/java,src/test/java
34beef1d085c4571b8b8924951043276e1cc29f9,src/main/java,src/test/java
bb8164bb2c59e42f5858f55af00f7968528fce94,src/main/java,src/test/java
62d5c0eecbb3af921c857b9ef3ed0a9e95fb4dee,src/main/java,src/test/java
01ee7028e6940dbd074f3a76bb28f3a78b5d5b21,src/main/java,src/test/java
a81da42d9039ae2bf4d3c02b2c23969116f979d5,src/main/java,src/test/java
12a0e3bddec1731cfdfe76743c9d42f6c4278d86,src/main/java,src/test/java
72b9613ddbd8e079184e2ef0207fe1c733bcbcbc,src/main/java,src/test/java
79c627478f482a55ab9bf821b2cfbe2237ab3d53,src/main/java,src/test/java
ebdef1b95710b44324d40fa1e67a1bc1b370ee81,src/main/java,src/test/java
b219a449bb6642f8df03eeb53acc444f4695a608,src/main/java,src/test/java
37fd0adafb3301ae66773817431b74e32e494efd,src/main/java,src/test/java
247cf8c4dc2507474946e3a7abca074c7e9c965d,src/main/java,src/test/java
c7adc7e86f118a92ac4eee5a3c6775eec11af115,src/main/java,src/test/java
32b71d09133c2b5e3fea1f6d1effab8bb3776d04,src/main/java,src/test/java
2c6fa89aa47436c5909601490fd56a18f75a0bc4,src/main/java,src/test/java
8c478f2f9bffd4fe575316acf6dc3e04646fd5f2,src/main/java,src/test/java
e2c6ef476dc69bf0d6306c1f1006bdcc97c0c296,src/main/java,src/test/java
49b63810c04ebf57aef8afe04420f3cba3891563,src/main/java,src/test/java
c63041d06c284ecd92a90f4e192df37d94a1d228,src/main/java,src/test/java
4ae84a33c0b031b835a60a804ab69be2ca060fb9,src/main/java,src/test/java
feb980a6398012627bf6dfb7fddb92be3fe76ed4,src/main/java,src/test/java
27bcbcc728434ffb2c45e81c0e75e6a3d6da3441,src/main/java,src/test/java
4a65cb8da23d6667ac6f91775309b4da9b315d95,src/main/java,src/test/java
1971d3ed8ba303eccc83935e352758ceca9f34d7,src/main/java,src/test/java
0aa4135a785deb4fb52d754e407fab1eb280ac26,src/main/java,src/test/java
4c2e69797f8262cc0546131352c1c5ef6dfdc985,src/main/java,src/test/java
d79d88439e0e288825729396a3f7013c181b18fd,src/main/java,src/test/java
575965b1ba7aa595844706c02bb81229a69462c0,src/main/java,src/test/java
c10bb4d052b31761329d8c064583175b73687e78,src/main/java,src/test/java
a0de4149790f97283643b6e7980faaa3a5ed5ab7,src/main/java,src/test/java
81797ed4402a982f90bd903c7437aeea4e3933f5,src/main/java,src/test/java
e9429c05e1a4797383fb405928088d2f8563ff97,src/main/java,src/test/java
a31570673477b8d8f4f0f2429002ec219e83369f,src/main/java,src/test/java
dfa6882a3b9ae6d17c386312ad5e5902d852fb4e,src/main/java,src/test/java
1c8d3e6011ad9fc1cd61fd35ffe1d313473483de,src/main/java,src/test/java
27d2edb2bdaa0d48ef98d1a0056a878a91e7df1b,src/main/java,src/test/java
d486ed932373815102f6999d7b77d9eda5b2e393,src/main/java,src/test/java
bec837759654833087d286e44ea51134d67537eb,src/main/java,src/test/java
02bce06a5c3d98d6694e3e9a59187c3847de76ae,src/main/java,src/test/java
e6a1d017b1aeca6986c5e8486c9f8ce6360872d4,src/main/java,src/test/java
c71d0f03dab384f98ef2c0ba0050822fba22a063,src/main/java,src/test/java
d487814aba405447ee3358e11af3c8f2e3991c7e,src/main/java,src/test/java
679090a612fa7dde2c98c44388232e4a23f3b1ac,src/main/java,src/test/java
7b7965bf462d354dab0eb15c860c0ef7b3ea7b9c,src/main/java,src/test/java
d534206f65fa2512fe28dd4169d4027898ac8bf3,src/main/java,src/test/java
4f0e19fc5f47c7171887e6fc1055bbdbb59367ef,src/main/java,src/test/java
fa35d13c66b4f44825b4d47b100c9a97f244058f,src/main/java,src/test/java
ff010a98f11931f2a4a4fb4bf5393a62428868a5,src/main/java,src/test/java
6ef8d3247b5c190bda458290d2106f0d8a09cfe6,src/main/java,src/test/java
67d4ef2e920bdd28d797589d3ce5c6f22c049d4a,src/main/java,src/test/java
44cd641b4ecea28adc112ddf668380773cff9bb5,src/main/java,src/test/java
baa994c62720ccb45665aa215344cd03d8e64cd5,src/main/java,src/test/java
7b3e823ede7db26dc12150b969d77ea86352b9d6,src/main/java,src/test/java
5244e89e73cdf5c963e0741480a1436467db14a0,src/main/java,src/test/java
16c3a3297597214f7b1478db5799325ea114df88,src/main/java,src/test/java
a340f1e7afcb11bf9efaec211b8f0a6e24d9116c,src/main/java,src/test/java
603d818735d66e9c14e21e60bc00fde7dab89259,src/main/java,src/test/java
0ee2a1ec2c93781ac9a303b4fb1cb43fc9e9fcf0,src/main/java,src/test/java
2c3cc6000151c61014693768471c7c6c84b9737d,src/main/java,src/test/java
8b9dba531504aa1217f3983683557a344d29e625,src/main/java,src/test/java
c014f1c13ce0152be43fa7a4974943b70442fed6,src/main/java,src/test/java
7dc2291733984ed235b026060de61574ed0cde26,src/main/java,src/test/java
507ae723e3833758537192900e81a6d13ad04162,src/main/java,src/test/java
a6323c354dbaed9a725bc6cb68036a56aa29c442,src/main/java,src/test/java
f46c6726da8435afbcfeaf6ee980fd274c19ca8f,src/main/java,src/test/java
2998309d723eace60baa3b603ed2c7d59881ab67,src/main/java,src/test/java
ff66dbcf6e698cc229ed27ad8f981a8411c0a07b,src/main/java,src/test/java
fafb1135a1473501ac77c4148757f9eff37757aa,src/main/java,src/test/java
c98fbe27b2822e669461a061ee916e7ce5bf188f,src/main/java,src/test/java
41326bf5266ecc6472bab28481b77cecd6f7fb5c,src/main/java,src/test/java
e234e7d341b838b7331880226ada401f112a1e1d,src/main/java,src/test/java
7636080403ce45724aa001998eb19f5c8f84cc20,src/main/java,src/test/java
76416c0ad837f2874ba7999aadacb236aebb79bd,src/main/java,src/test/java
2c499868dbf7cedc9a56c3d873fe9e287d7e0f29,src/main/java,src/test/java
1493ab204f548961fdc50ed3c874d9e2ccfd9532,src/main/java,src/test/java
4c2f18af7fe037c328b7c0e3556d7194ce01d8e4,src/main/java,src/test/java
f893b88f831545554770607f59f89933a7c7fb33,src/main/java,src/test/java
ef346b48b21ef133e7217b1c36babb6d941ad4f4,src/main/java,src/test/java
9c28c3538d59431a6d05141b6117eb94c59999ec,src/main/java,src/test/java
ad5b9b01497834d0710eb9fa00a4372c3ceb60ec,src/main/java,src/test/java
99081448740c1bfdafc51d4b3ce14e3b3e6db405,src/main/java,src/test/java
b82ab99340a46e28320d6b48dd1d5e6fc3bce98e,src/main/java,src/test/java
656312f90a5e59ca0e7a5ae7f17fe941877f3aac,src/main/java,src/test/java
d94ef57853be7ba79aa6d02afd6a72211eb62b66,src/main/java,src/test/java
a7fe1f5018c53ed3af8af0d404a346117aefb958,src/main/java,src/test/java
64dd0a070ba7d8a58a733a9cb7618d458bd670ad,src/main/java,src/test/java
85d6318351fefbb728bad2db16103dc24372240d,src/main/java,src/test/java
37b9565b26fa6a3c1224dd95af1e821bc30789e9,src/main/java,src/test/java
1a22532991dc57f1cbdb8dbd4021575b8230984d,src/main/java,src/test/java
5997452fe756861b9362f143c24fd4965ffcef3e,src/main/java,src/test/java
96156936d8ac6b90d0cd437db03a3168ef10a44b,src/main/java,src/test/java
9fa142b1185f2895f0aad6056c9476a3c1e08a5a,src/main/java,src/test/java
d4319b1c171135b4d94f63fda5c524e32f6b8cf6,src/main/java,src/test/java
137d5f6753af78dcb14a83912a4628e9faa9539a,src/main/java,src/test/java
4c2ae062ffa6ea69a3df1b7fa9d421088384f753,src/main/java,src/test/java
c04611f260fc57a6cb00aae0db8c4d7a4b9bcd3c,src/main/java,src/test/java
8a3e8603455c6dbfc595ab7a7e4a32f171a8b245,src/main/java,src/test/java
2c1b5be146585dc8b27aedebca959f92da19094e,src/main/java,src/test/java
c023bfb593d32144f4511079dada681e2e8142d2,src/main/java,src/test/java
34a6449c90a3b6074111a6bcbd31ad00ac1570f3,src/main/java,src/test/java
458cf9df78758efa231c0c242dc7a9a34e92fef7,src/main/java,src/test/java
d70baf13700b6cbe664249322559b64dc44303c2,src/main/java,src/test/java
6be2343397b8192fc1328da21962dea27a8b2422,src/main/java,src/test/java
9642e11aac22ad1790fcafcc6973605581bb4cb5,src/main/java,src/test/java
4509b8a49c4928b9d01472597fa14939947959ba,src/main/java,src/test/java
874438dfc12f54b3e1d1be7598bbf1d069a44801,src/main/java,src/test/java
23a71e792bf4ff7263d196047c2f378e888ce04f,src/main/java,src/test/java
8914d7f617f78aae8c85405856283c98d4e43990,src/main/java,src/test/java
a80f11cf9d02d2517c7f230f24949cbebaafc0c2,src/main/java,src/test/java
f5cb67acd964ee173967081205eb30c43ba585c3,src/main/java,src/test/java
9d619172ee34fa3b80400f25477acd5aef8b02de,src/main/java,src/test/java
5a7a09256e67ae8fde1a407d51fae326b973af9c,src/main/java,src/test/java
d827bb76041a48c4a591a29017da765327a28265,src/main/java,src/test/java
54de75b635a60d05863df1379c0f954b87d14c13,src/main/java,src/test/java
7e73ff593fbe69ac9cdafbe7a17e27f2ed338f77,src/main/java,src/test/java
dd84146bd1453e283b3b49653461ee5077f1c296,src/main/java,src/test/java
edcfd40d71568a47b7b3dd857265517f8a5c3df0,src/main/java,src/test/java
b4e69a6efc245c07bdd2ce55f9c80b6ae16544a3,src/main/java,src/test/java
3456b2b6b1e27751bb9b4770e3bd0a6545afe1d3,src/main/java,src/test/java
15d50cf864c13468d81c7b2370ac5c8a7dc26d16,src/main/java,src/test/java
3c4f60d71bc4bee0158d713be93c2151411d2e98,src/main/java,src/test/java
d34dce48e5cd02ef1f078a939741d79fab3c39d0,src/main/java,src/test/java
536ea90fc04ef9e8484f98adb738cfa5a11a301d,src/main/java,src/test/java
4a29061ad70319e9545f71d208327db3e4192b5e,src/main/java,src/test/java
3e5d5dc9c0a5047152eedb802bc008ce78b8de0c,src/main/java,src/test/java
e9f5fc14005cb7028b69bb681e612d0d154cd003,src/main/java,src/test/java
a655a3fafbc535b09fa0596635d2c87cf48c428e,src/main/java,src/test/java
2be456f665e193c6fa7eefb838da858b57935c58,src/main/java,src/test/java
9ae054b7c894706fcaea519a14f48cc773835069,src/main/java,src/test/java
367e00e6ef373df1640266d39701042203d3f37f,src/main/java,src/test/java
9c6d3ea78fa936c8eedbd72236fe3f6e217c2b96,src/main/java,src/test/java
2270d830fda743de1ce8a61e33b9542cb39a0f4b,src/main/java,src/test/java
345b4836f6e34ba29564dbead73ede2f2309aa74,src/main/java,src/test/java
7e8d044b7b8c6d2786a88f416d17eed2f472445c,src/main/java,src/test/java
66e42dc8b43d37ff011de69586f8e6764c4b3164,src/main/java,src/test/java
249788d799ca1c3964062bdc5c19a51ecc05c2f7,src/main/java,src/test/java
7df70a8c6b14452767ac932a14640e32a1dc16da,src/main/java,src/test/java
8e2f4ddb9a1ecd7a1bf7d752c2c891d630287036,src/main/java,src/test/java
c02c326324804e04d49c99d2ff6750dca9a74ca6,src/main/java,src/test/java
7e818c5afa29425a455b858f6acdee6606ed7a0a,src/main/java,src/test/java
bebf1a53f744bd591c692ef2b721bd28078bb029,src/main/java,src/test/java
5ad967885adac9bffb6cc693812507aef717221d,src/main/java,src/test/java
44dbf85b6a7156d550ba62210412015058336281,src/main/java,src/test/java
dd5f8ea30755268dc43bbf2cd5024412674eb1b0,src/main/java,src/test/java
a28a5c875f333849579a95ec29804f4bdb77e925,src/main/java,src/test/java
c8c7a0c491f3b18f086f10809ffb11ab7f02db52,src/main/java,src/test/java
2658d6911f4869e04e6decb8eec238d32e9923d7,src/main/java,src/test/java
80a39fba9b1df6b208e57f4dea84c0f24e311a82,src/main/java,src/test/java
c5710ced50246219302de8e52754efbcd12380e7,src/main/java,src/test/java
4870fd13a29741b18dd428cf3d43192db5799416,src/main/java,src/test/java
8c19964d550de8c0cc11bfb4de33f07b1f9259b0,src/main/java,src/test/java
f7f19a3d2f98f48924d38fec2308dc3db83445d8,src/main/java,src/test/java
14a0cc2a9baf84a97348263975082ef3857daf97,src/main/java,src/test/java
1db9c37e95112a2b796e8d58253f48de8f4816c0,src/main/java,src/test/java
c544542bdad4b55b9244255235a7e34385d6405c,src/main/java,src/test/java
80057a6f04dbfc89ad446f794e7c9cba4b95fe1c,src/main/java,src/test/java
782e48d8e0d201c5c6d745cf4ebd8f11225e8c5e,src/main/java,src/test/java
bbcba273ad4322e76a90bcb867cbea108134717c,src/main/java,src/test/java
50c1fdecb4ed33ec1bb0d449f294c299d5369701,src/main/java,src/test/java
05fbbf646dd2af475b9d45409a54f26d2992fe29,src/main/java,src/test/java
731c0040fe325d143d2edc24606d20791c8e2748,src/main/java,src/test/java
0a7381942ca183a63750cdcdcad6a6ac5c9aa95d,src/main/java,src/test/java
76c250987d52f4a956c6e617aea3481037bdf71f,src/main/java,src/test/java
2055022644c738d77c910cb4737f05f823e29dff,src/main/java,src/test/java
26cc12705ef31fea0c64fcee0305a8712e7fb30b,src/main/java,src/test/java
5e9fd18a887eb071a42983a8c6df1ae3062f3a88,src/main/java,src/test/java
e0020ed3d62061835c0ff70853ccfde21ae50ae3,src/main/java,src/test/java
3abcada25b07f378a09d2f233cab8e2884ecad2b,src/main/java,src/test/java
bef3eb6ed060d5ae14da6ce5a1909675b8cf5650,src/main/java,src/test/java
c0041cafc2fda3fb437009d5417ba5ebeb32ad35,src/main/java,src/test/java
590867417dd3fb1e33ccbf40ad7a941dc4bf0861,src/main/java,src/test/java
2d9a9ae59fd3b753e05903f63641eff1203f1bd1,src/main/java,src/test/java
eb79f7c6f37d0d9c4d9252b1020bc19a617a4d23,src/main/java,src/test/java
b24ecd60fe9517bef1d6342e479e9bc3d85ef692,src/main/java,src/test/java
2241a1abc9615c7b92206afb5026ef21d405175a,src/main/java,src/test/java
cfff2579f5cd4e92c46f8790b9185a45e91fd783,src/main/java,src/test/java
1a60c21395fe7648188d1c91f62ac7baefa12742,src/main/java,src/test/java
79f7a7ef529ae656a80f7e331f75e79999cef7ea,src/main/java,src/test/java
bc52782cd84f4356d2984e1aa01806f81754eb08,src/main/java,src/test/java
8a8859cb88a49a8b967217bfc1daafe0805e7c86,src/main/java,src/test/java
1ced894df70d66f3a786c2c8cd6e23e0d4263d91,src/main/java,src/test/java
7cfa8a932869b98c3737f4ed41312d92eb50d636,src/main/java,src/test/java
7f23ec3d90422fbc36b7d78f399562686ff6c2eb,src/main/java,src/test/java
10cc16fe820d9c9a9acf66a717ad1d7ea4afaa4b,src/main/java,src/test/java
1b5c1b43711f155e8431a5eaf23ff9941760ae61,src/main/java,src/test/java
2fb9e71da695f4ffc1d390209944399b12c53a5d,src/main/java,src/test/java
1f35e7c99b66b8d46c4ad96558e694a10aa38062,src/main/java,src/test/java
5d5a31a8274ff7e8219ee87fdd15b48c2184ccc0,src/main/java,src/test/java
8f675dd3cbfb8f552bdbbe1cfc646ba5b367983b,src/main/java,src/test/java
5c3ec55e15922c58bb2f39145de9fe641840bb50,src/main/java,src/test/java
a2bb711aee6621b21cdd22e6d7e4bff2f7236235,src/main/java,src/test/java
c98d0840bcd96c7c4dd79d6299f0429c45a476ee,src/main/java,src/test/java
6b4cb166081e019b87cd2b5a273a1567d3aff545,src/main/java,src/test/java
63ad5b063eab2a38de5b37c64b1a692a749a030f,src/main/java,src/test/java
23f508095004cc7215cdd6fc4b15e8d6192f8d1d,src/main/java,src/test/java
6c53b134b66d9670114247b022b25a60969900e9,src/main/java,src/test/java
8ea4582e2c0f6175bc23e3b37cf42dd9e41fdf3d,src/main/java,src/test/java
1c5b51d6a670cbaca5879d2d5ac11531627d5161,src/main/java,src/test/java
01067903aaa19b633836728922c5c215c4f9b5f4,src/main/java,src/test/java
6913747d7d3cb4ec3d32b8bf85fd34061e306210,src/main/java,src/test/java
13bdd203ce73b538c3fbda8e3b83cda08c3e850b,src/main/java,src/test/java
54c0f6ba9e6555146d0dad51bcb5c4ec581e21da,src/main/java,src/test/java
b777356fa3d779ae7bc73e61dc091c7c9e775900,src/main/java,src/test/java
a5dc7f1e68f735d0f989a10c521bbc0f6c1ef3ae,src/main/java,src/test/java
8860c37b9d2b5467e7527ff41c01eee34e583a82,src/main/java,src/test/java
a7b7e114617d2e6bda2efdce17a01e78d2629579,src/main/java,src/test/java
491a1d6e885c8e13d355b465942c2c6bdf1ed735,src/main/java,src/test/java
86e893cc6dded5eeb6f8bcf9f6c26bef8d3f4441,src/main/java,src/test/java
9a5da72bbfa659d2c4897f4454ddd8ceef13a8e3,src/main/java,src/test/java
8d518b77862b11c5fe074540e86c6a835ba01be4,src/main/java,src/test/java
5494a87bbb6d6b6f0d176d0c93e4f25718ed3c2a,src/main/java,src/test/java
2493294550277183d859dd20dd9489069fc749e2,src/main/java,src/test/java
72e4ab4b004482fa709de9c4c951ae9485ff1ea3,src/main/java,src/test/java
506bd018b3ca638cd0c9d1bdad627f6468a05bee,src/java,src/test
26bc3fe010d5154d3ccac526ec22c429fc3af499,src/java,src/test
352a4ef2a35a1e7b446056738667147a3de3a316,src/java,src/test
5739bba3eb84dea3ec3d888bacd28667c9a992de,src/java,src/test
e5ccf096569244af25820f7d8d94893fff00ce8c,src/java,src/test
8fdfbff87c84f2005eb8fed6939e5fa835315113,src/java,src/test
ed3d84438bd4a2fed15926c31ef23f63df977cf4,src/java,src/test
fd7450f301d0fd47892c6d9ee4b2cf6b7197d272,src/java,src/test
eb2b517b466efb38d591be80728924fb22745333,src/java,src/test
2f8f67ab2939f1c23f09c8764e04ea2da0479332,src/java,src/test
91ac16e0b4a74b437d86c2dd7a47272105b4317c,src/java,src/test
825481f019e4482e5ea74d5b0b5e5c438535cb68,src/java,src/test
8f80cedd8c41c7d2163a1be04033a1b2e36ea06e,src/java,src/test
db9b110a7e968bbd585380e4d9289ab56f965fd0,src/java,src/test
dafb8e85dcb76a299c6add11ecb62acf702d6c2a,src/java,src/test
56550bf2779990da78d2bac1d8287c8a693c6e4b,src/java,src/test
56463552475746e982e46f54c1b18487ef434c17,src/java,src/test
9adbbb0bbfe1d76549dd8b6704f183dacb1de29f,src/java,src/test
a3e3a0b08ff2d44398e072cb789efc9fa86cface,src/java,src/test
de820ce1898aec8e7d047b41cb7a11e5239de297,src/java,src/test
bf626b85ba69501c4b9d75f1473b9083872b31f3,src/java,src/test
77e3dcc393f7388b0c747c2483aa57ba3510230f,src/java,src/test
61800cce67d1dc1c9d3096d631541283e21ef664,src/java,src/test
d55299a0554375f3f935a0ff85bd2002faa2ec55,src/java,src/test
7d3fbbfd43ec66fab190b29db9f7e157791de37f,src/java,src/test
711e204e73f24e32acb3727a5d9d3b351b6639d1,src/java,src/test
bb8709f3e30e7c13530dfef458a4c370783de2be,src/java,src/test
2dc56182579703153e5c9886b3ecd22bbc348b49,src/java,src/test
02f510c2043c1e25cc412777ecc2e3e4f648316c,src/java,src/test
ab66a1d87cc37e41940bfde98a55066c35ca0f75,src/java,src/test
d836af99d265ab95d4c5550f44d0830499598e59,src/java,src/test
62aef1a558a21c8354bce60254329ba60b69f191,src/java,src/test
0bfa6b451ea7fc307904d0d27f853354a60bd4ba,src/java,src/test
dff12292a01ee4f03e6f0bf318087790e325220f,src/java,src/test
0331f1e5b62feac6500eb2e76124f20f9aa36aae,src/java,src/test
c57a47f9cca4ec1e443993f64f641cf8b687d119,src/java,src/test
e8512544ed84787dec4340dc2cfcff86ec24da3b,src/java,src/test
ef718fccdf9c952935f3e8ddaf1b2cb6b56cb17d,src/java,src/test
cb8a0d43eade243f6bcfb391bb5865b0d49366e0,src/java,src/test
c0683957931ffa3df218ff68ca31e257174a6466,src/java,src/test
00fee20efcd5d1e79cfcac501f19f2163a34fd09,src/java,src/test
eb8b39b145d863e8fca833c13479e466ad405c61,src/java,src/test
a38e2e942d622c1a84ed35bedb9aba045db7ab79,src/java,src/test
a6a2d04877d91a4c7cfff889bb64e2627ca60994,src/java,src/test
b1e8a26177324ece7c786da8cd063076bc131ea1,src/java,src/test
9d8846081ae80d36ca8da223dac2d1e116b0af33,src/java,src/test
0d0061f247b9c28b59b1af7e7a10def74718ac94,src/java,src/test
17f1d2951fa7840fda6e33c8ed51cee292c60114,src/java,src/test
3ed99652c84339375f1e6b99bd9c7f71d565e023,src/java,src/test
fa436d849d61af287341e329f03ea6c16b405cae,src/java,src/test
6f27e9bbd119e419fa417b9446abe7aae0fb9624,src/java,src/test
e1981a5d7be894993549cfc9ed03ab1527d7b634,src/java,src/test
8fc1df022706e6e4530ef4d0bc3cf05433c8323a,src/java,src/test
4342bd5d69d122a16c735416039b4b2ca27897ad,src/java,src/test
04f767b393b5849185f4ddf8f7ae8fc0b255e9bf,src/java,src/test
e0da000caa33b68fb9c95747f3291da12c2b5749,src/java,src/test
585e4c6eb3a49dbbd18f39acc4c94d5d64100eff,src/java,src/test
65b5dc69db3bfd08b4392dcee16fa0542b097812,src/java,src/test
dd0deed066e728d7b09e5fd69855c5ad7bf6bdb4,src/java,src/test
7066ec40d6660023bd5388efa8adcc211049dbb4,src/java,src/test
bb8b6f4b0c54f25024b17d1f2abcd4bb98289983,src/java,src/test
1fe5439baf32af2114958e3cfc3512bd72c84773,src/java,src/test
5cbca4d5f5a2acfc92670e2bbe46491c442c4234,src/java,src/test
2e8e3f46ba0a41d95c38875cf6a7153816262123,src/java,src/test
97f1c120c092916f2f95439b6440a8977c66ee0a,src/java,src/test
e199d381f8c199801fee2d40a7f3ea1380700631,src/java,src/test
535546eb38cce709130e37e9d7781b66dacc83dd,src/java,src/test
d3e28b68028d11b310ba51e0a783182b31db2d6c,src/java,src/test
ea4ce1628920e69f9474157e0a31e3250ee2ef48,src/java,src/test
bee5b923c54e59f877d392e35cb04ab62484c723,src/java,src/test
e53cce977ede56d46cb74dd3236d2e0952ea40dc,src/java,src/test
f237b96638f519288d6ba07056b45d69c7e1f505,src/java,src/test
dab1bdfc0fec1d45def7d4e4870dc207bd954686,src/java,src/test
673385b43d0d5783039242460ba1c12b3f1f4e92,src/java,src/test
b124f18766f51c51d48631b4469579b7c3216884,src/java,src/test
92c1e884cbd43b108ae0fe3cc530cad298cd8924,src/java,src/test
deae2ba23824971dea68c2aee5648a99d9cf1856,src/java,src/test
833e5bbd076bb84f5b93d52daad1ce0b7adb07b1,src/java,src/test
272ca375e3844e7ba13bd0290783121a60775c99,src/java,src/test
f7a005e41b55215aa91c0fd244878f0fad11ec53,src/java,src/test
930b389bac634e55f2ab7b255b5d7da5f6750057,src/java,src/test
659b20c0375b574a5d2b9e14f66c975405bfee42,src/java,src/test
e220a58ff2d8017cc8b378e36e92695af30a71e7,src/java,src/test
9926e31ac18525994b8a6866e2437d975f710bf0,src/java,src/test
ba320a3bc75cc4754bbf8157bf21c237589d7b17,src/java,src/test
f58c863e0b0e50aab6a86f5f7a63f24f16f5d92b,src/java,src/test
4a76e1879790126ffcd544d3f4051a70407c866c,src/java,src/test
127e6e338f088b82eea1967d31c1abf8d51a364f,src/java,src/test
72f88548f894fc941bc847a27a4b451c6d97b255,src/java,src/test
43cf3f491e7b9b42dc4a5fa4d7bc00cef1d38f7e,src/java,src/test
9da40ba6b5bcc7b6071fa7fe11eaeb1b97e53d81,src/java,src/test
796b898281af571a510d96487dcd95699ac1e435,src/java,src/test
c22d9d59e5b86c33f91d7fa93d71cdc514c2edd9,src/java,src/test
ed7e9b43494e490a51c25c410b2950005fd685ea,src/java,src/test
1cc66e3095828e364dd87721cf8b42636e35f011,src/java,src/test
bb7110e108f0ba4853070e1a5329ad5b2824b4f1,src/java,src/test
2ca0eff93cff4f4897d9346fe52fa59961f73352,src/java,src/test
60fe05eb7a32a4a178f4212da6a812c80cedce82,src/java,src/test
2730ae5394f74268d01bda5a0489ea3204744b9f,src/java,src/test
7fc38e82ece99ff4043626ba19b293fc7af86264,src/java,src/test
2dfca4a424fe60e2bbb99cf5e0a5f9352142cc08,src/java,src/test
050fe8e916507c9716983868284d64e58c1b56d2,src/java,src/test
77a3c20bc0f30ca44f30aadad7f8ef0bc2528d0b,src/java,src/test
75d931a3264b73caa9cdd7d3373375cc33008ddf,src/java,src/test
6c0c39eb4d49d63992e299561801512a8ea37247,src/java,src/test
1b19377446a14622ac5d05c3f8d7dd9c8e5ef15b,src/java,src/test
b16235ad108c4fcdb7117493394d26d2f0faeace,src/java,src/test
406a86f4f3f964b8c20e0c8458e14220fbd5b7aa,src/java,src/test
de4952beaffe469b05f545b90344675e1889cb48,src/java,src/test
3e718fdb1bbca377d6b698d49b1e70ee9834aebb,src/java,src/test
98630c6d43a7e7f5e4f4e53884ab696bf3d8e5ca,src/java,src/test
71f6a5a117e07f6ef19f09f489f595368533bf1a,src/java,src/test
87ee821a5d73b836d89203e15cec2ea86cbe2992,src/java,src/test
ec4a0fdfac5f8e27aec46f9e04a255cf31b40686,src/java,src/test
801f084e8e61722924395f9cac3868e9b2f6ede3,src/java,src/test
cd6d6bb580ec48e3bb0afd1445774fb118dcc889,src/java,src/test
a1cf642b8d2789a3c6258f543b7e7b5fabc44502,src/java,src/test
a1dcdfa2a634ad418c2f82a657ca029313a81070,src/java,src/test
0e07a3b09931406bfbd7653182b937d8e23d2d66,src/java,src/test
a9ff534b3686e649062b04ad519a9e8b09a9f76c,src/java,src/test
640d7cf079ccdb35d92d2c598cc9502124635520,src/java,src/test
e9e167f9ebc7a73c5847745688ae127ecff6e2b1,src/java,src/test
6847ebcf5e81ae272d0ff1829a6bb5aab3f9f64a,src/java,src/test
c47d6ce5343fbe1807c2c927bfb10a4792a43ff9,src/java,src/test
b57c699e69b3801684cd5faf7a3f14c552e5cb92,src/java,src/test
815f63670e01b7d443035419262c9eb3538cd672,src/java,src/test
848a8144bc42fddbbc466a38a897f5c09f0d49e2,src/java,src/test
cf20d13c64da51becd1351befe02a06144fd6fc1,src/java,src/test
868dd284443b6f950a2f360b0422dbf09a599ae9,src/java,src/test
15360774099b2a7230e020751acdf6979b6e3f58,src/java,src/test
aaaa779108e445c028e91372a8c8709c7746cf72,src/java,src/test
9b0b19a9162ae8d217b06716962b982703ab4d1b,src/java,src/test
8e52e2169b20f7bc3c6c520d4f0c98e5bf06b076,src/java,src/test
1a158281aa058ee2dc9cfae3b56012a9f92f3b2b,src/java,src/test
d8b6f5b5c6b92adff8965ab634b672e7b333f583,src/java,src/test
8fde2caf64c323eb0422f7547de14ca7b1ee7a54,src/java,src/test
e91541fcbd89dc0567281127c950a8d9ead7189b,src/java,src/test
1d5c03fac601d6ce291c3fe3e5e51a11881e2fc0,src/java,src/test
116463ba4f988ad7dda289bf6e2ff53c6570f0ef,src/java,src/test
b33bbaa7c84bcc8a5ccaac35cfe4a42b8558add8,src/java,src/test
9926c441aefc148b08a5a3ef077097cefcc3f16c,src/java,src/test
4917cb719f1d721cda63cba694379881e11d35e4,src/java,src/test
d032bda7e5df72b4befcfc4d9e068d0bc80b1dd5,src/java,src/test
8c71182f376f88df611ead6f7066b84fe71c19f8,src/java,src/test
4b25008ec5afc550231c4b0032bd9a581d51ee36,src/java,src/test
66704164a0152a40cb8d72d5524af365ff34f083,src/java,src/test
ba57d261f1dfa1926e6bea34726e396865b0411c,src/java,src/test
d829770690b130316a1e0471ff0d107acd461cdc,src/java,src/test
462a89b82ee3e5fd5d6f69289297f77df83f689a,src/java,src/test
d9c6932a6e2b27d56ebb665c152f9f7dca759a8a,src/java,src/test
07b7795b336b301def8a7dc6059c8e616ce5582e,src/java,src/test
69b1599585515588ebe7eef0df9f00854122b620,src/java,src/test
e6cde16e0a10771a6f9b82678ca4d5835207578c,src/java,src/test
c62bd307657aab6bf4be06e5c4c232195f6620f9,src/java,src/test
9cbf70d82285d7ebdd190f7cd59f2a9d82a09c61,src/java,src/test
b9b6b027db0cbfbe3973fa74af3aebec4647cfd9,src/java,src/test
71910e6e4d67edb36deeb54d957c31c604fd9769,src/java,src/test
33c8a328305592d5998ade8241d19fd65573e627,src/java,src/test
6e041ae62f6f9aa9e2eecd6e1d6e508eb8afd43b,src/java,src/test
9c2f070f611bd7cbc4454edc914b0b57c36b01aa,src/java,src/test
81340ea32f313fba0f0d5ebba9a600d96af17cc9,src/java,src/test
7f8f3da321c31cf285a40501d43bb2e97cba7b01,src/java,src/test
594ec5482d10e52464313b2e1fc61ae9b787cb24,src/java,src/test
cac478de5157f5cb31b6669c477a9dc760f1e5bb,src/java,src/test
b01434196523fc67daa5d9379c4465b68961fd53,src/java,src/test
d3c425d6f1281d9387f5b80836ce855bc168453d,src/java,src/test
30753fb56abd09379d29e94dafb31cf17be44f94,src/java,src/test
b7d3fd9e4d435eb155570f326e8c799ead6c1901,src/java,src/test
d13e4b12f3c6df3b5cab55744baa2664ca276e33,src/java,src/test
37b370c114440614bc44d019f07b837a22d5a0e4,src/java,src/test
80e957ecc44a5f0404baeb0f36484e4d560e7bce,src/java,src/test
a8a5bea553417863fda212e6516a2175f20caa5b,src/java,src/test
bc218db61cce03a5facfc1e7130af8579367bba7,src/java,src/test
30c4f3890d8ddc97644f30485e7617d9b39f2808,src/java,src/test
22aeaddb5eccbc65f921a8d954df0689de3033fc,src/java,src/test
f74b10ecada098f642ce1c6b67fa674455881096,src/java,src/test
fac4f8d2d6c980440cbf582f3e0bfff3055aab3b,src/java,src/test
7fedb2b1cc7520fdef06637eabad62f6cdeff01c,src/java,src/test
8b34e1dffc5d91f585f361913c3d8143e2dcfcc4,src/java,src/test
4e3962a6e4052ad9053cc5a7668fd03067b44a30,src/java,src/test
2608220ef704f6bd5559cfebbaba4e7b154150a6,src/java,src/test
07ea8e7fa2c0df6cc334cfcbf59cadae4d3b40a2,src/java,src/test
