788193a54e0f1aaa428ccfdd3bb45e32c311c18b,src/main/java,src/test/java
c96ae569bbe0167cfa15caa7f784fdb2e1ecdc12,src/main/java,src/test/java
ab333482c629d33d5484b4af6eb27918382ccc28,src/main/java,src/test/java
f77c5101df42f501d96d0363084dcc9c17400fce,src/main/java,src/test/java
2c454a4ce3fe771098746879b166ede2284b94f4,src/main/java,src/test/java
687b2e62b7c6e81cd9d5c872b7fa9cc8fd3f1509,src/main/java,src/test/java
09d39029b16dee61022dc8afde4d84f523f37813,src/main/java,src/test/java
9bcdb80c62a90df30398086cdb60748ecb92f8eb,src/main/java,src/test/java
aefc12c38171e1a84a90dc26e51b2c7aa111fdee,src/main/java,src/test/java
9420e869bbd7ed4f3247e2bb401b1dde41e301ba,src/main/java,src/test/java
586fed1bd199a1bb714cf6c3981b85013fdb0ef0,src/main/java,src/test/java
2c9c8753165dc7ce5dd1d5a6d741b445b33302c2,src/main/java,src/test/java
1f001d06a2bde5ee4e3204ab38c4b1db8e95db0b,src/main/java,src/test/java
eccfbc4c4ba1539e415509096acd2a9d9255a8f3,src/main/java,src/test/java
ccddbbd3c5beff36e6b959f0f3f0105109692f34,src/main/java,src/test/java
4ddbd99c5805781bd3c2287ab7920fecc23dab53,src/main/java,src/test/java
fb47b96ab635d7cc6e9edefdddc46f1baf63b117,src/main/java,src/test/java
87c026095dbcd4ebda42125c8c63f261bb946822,src/main/java,src/test/java
6ee75ef4d4b767ac1bdf28bb15f7ad58f8ee7dfc,src/main/java,src/test/java
0ccdf9c61a9cdca23705388ccac8e1e146c68628,src/main/java,src/test/java
fe350b295390aa165b79b1ec09a4261367cb7526,src/main/java,src/test/java
f5d8a8ffa4d22d1db95517d8d1e0d87b54d813ef,src/main/java,src/test/java
5d27970afea0583069368de30d09b511bfb28a3f,src/main/java,src/test/java
379151bad9c5402c335db67f9494351b99298732,src/main/java,src/test/java
75944e541d358d5b06ebbba3098a919fbf2539d4,src/main/java,src/test/java
258d109e60e546d3ac8d553d492f53fa61aafc2d,src/main/java,src/test/java
44df22c5f6e2fb929c145c21b3723a82e266e0bd,src/main/java,src/test/java
b081a8f8ec71b093dfbb500777dbc1092e4929c8,src/main/java,src/test/java
6823c3742ee16f5b28e550a6afb685553befc0c2,src/main/java,src/test/java
cff0f1ae37bb2b7ab2dcdb10dec1f3cad7532e1c,src/main/java,src/test/java
f0c7e60bbaf975b64ab5bf1b75ba6b7dbc256300,src/main/java,src/test/java
e71f6dd3f2f70c640ae73d28b432b3a69ffcab4b,src/main/java,src/test/java
c88bab2bc25097ff3503ec22c3a356d748d4da88,src/main/java,src/test/java
dc28ca2d90677930c0c4229c23739f38921b8893,src/main/java,src/test/java
d6eefecdec741e4843be1d96b806778245f30fa3,src/main/java,src/test/java
f44a66fdf06b0735ebdba4ed798fbdd41b1432e9,src/main/java,src/test/java
2408a5bd4b207acea638727f693986147008b013,src/main/java,src/test/java
7b2eb8418720fb33f4e15073e4198e5e1babd836,src/main/java,src/test/java
212b8597a039615f7c04fd7f22db56d5e5d3b2a5,src/main/java,src/test/java
a4a455053e7e4a77320efd6db0814f4de82d754d,src/main/java,src/test/java
aa3209ace85739f11c6a81f16b3bd4a2f054d272,src/main/java,src/test/java
8d192d7063cc747a3c6226122ea83c7348e199e7,src/main/java,src/test/java
1ce7963883977b99ad519e1bf9989430169639a7,src/main/java,src/test/java
32540b948a77e5a590df844cfdbcb5f8f6358849,src/main/java,src/test/java
afe5dff79fc23d222ba1f1481fbbf55e09d2e6da,src/main/java,src/test/java
c45d5bff75edfef6387d40e681f9dc7c9b517bbb,src/main/java,src/test/java
0afcd15e183205a85a45a2775f1fb75a162a1389,src/main/java,src/test/java
bf0080b024e31f5d2c03acb846ef13812f531670,src/main/java,src/test/java
209d8f1821cd7f4b9c6f5311981eb9dfbe801302,src/main/java,src/test/java
843c5cb48d52dff5f3be604f135081c3d6342126,src/main/java,src/test/java
22f04e205ec572b4cc0e7f836500df709154d0b9,src/main/java,src/test/java
19b86ba4e1599bdbe248268f1a4ec47206abc77d,src/main/java,src/test/java
7ced18679cea00ca4f54f622656e78b1420644e6,src/main/java,src/test/java
711421bb6a070eefe508a08ab2fe31fd641ab255,src/main/java,src/test/java
daf77e8e67e424962440286bbc5d9a13f5045a9c,src/main/java,src/test/java
d1a55322f7d2ec652af0cf9245b9f623f9e3cc27,src/main/java,src/test/java
e2b1b901b28082d95915d45f8d63df5f05cc1b7e,src/main/java,src/test/java
1743bf9f3b8b0f2009dc267a23fd42d0bb82566f,src/main/java,src/test/java
727950849ba99e380706b6ddd93cf13a761764f2,src/main/java,src/test/java
4cbe5c3c3bc4ce2382160073721bae554786f8f7,src/main/java,src/test/java
d0c4b3bd591ecad3280e38775a7aaf2e8abfd704,src/main/java,src/test/java
7ac6d984be755716f93b90a6a0d8590186db61b6,src/main/java,src/test/java
622b818f5dd5a2edd47ed5bf5cb8edc079a67521,src/main/java,src/test/java
2397e5b0735e0cef362070c0b85c2ec0f63273d5,src/main/java,src/test/java
366badafcb64dfd0e6a00a697ef676c7f01d9a48,src/main/java,src/test/java
9cddfd2b216ab39e58b558bbbf3d5a4e2a2a492f,src/main/java,src/test/java
696201a1a60c780eb94cd100b48a06f988cec94e,src/main/java,src/test/java
a0f49f603283988c99da2173f48193c7c4790a4f,src/main/java,src/test/java
2cb5ceac24a9ed33d8156b0f46852ae8d9c7ad29,src/main/java,src/test/java
50e921e82a3b0be70aefd33fbd108929508965b7,src/main/java,src/test/java
05f6fcc7afc2bb16bf3b68e4ea3f35a1f6c8fa02,src/main/java,src/test/java
d39af69e50655cc3c162ef252b77dddf6b851a42,src/main/java,src/test/java
c9d786a4fe2639581047d878a64bab6fb24f1ab3,src/main/java,src/test/java
c821fafce06adefc040e8983fb12d49399a48627,src/main/java,src/test/java
9351ed93365de2d1c316b8f419566820e88839e3,src/main/java,src/test/java
be8bdb0240df3eb91e76d7933cca37c2ff5c8a38,src/main/java,src/test/java
0151872e4e1077468744fec344a4ced738166aac,src/main/java,src/test/java
6b2e65f5595e9336197f255ebfc3b90f946ce9c5,src/main/java,src/test/java
e61b459bd576231cb13027215aeec5a1b2f19bf5,src/main/java,src/test/java
20e20c7b27eb73966b01a9bccf9e0c87280e91fb,src/main/java,src/test/java
1b9494a701a2325b63998237164813981acbbbdd,src/main/java,src/test/java
d0cf0fdd4ff2329f9584c4f663f1af177c1994f6,src/main/java,src/test/java
bd59a1908a1df3364918be7b07782500616b15ac,src/main/java,src/test/java
c8afaa3e869cc8c25577641553e0d0b5bdac78b5,src/main/java,src/test/java
cf7211f9d7d70d56501d8c4c827bf9ce3cac5f0b,src/main/java,src/test/java
a3b479b758fdc9e8852eb5ba9d925ef98b1a9dc8,src/main/java,src/test/java
666a46b89edcdf7f1b105abc1907778735f62d09,src/main/java,src/test/java
74642d15193c7ebcd363820b1aa5ba6e8f853737,src/main/java,src/test/java
6abad0890222951ae1fdc771af2c2d24c94641ab,src/main/java,src/test/java
59e7276fe16038a0281f45bc846f0d971e4a610f,src/main/java,src/test/java
76912e0d8aed581ee4bc6b8635d0512ac2695f5d,src/main/java,src/test/java
8185a9e681d6de5f40b0ed07b40730c9761bad37,src/main/java,src/test/java
8dae958b420317773c7183b4a273e49b14e780ad,src/main/java,src/test/java
d6e2252bdd0f65afca000c900f149f38688a3ba5,src/main/java,src/test/java
f95396f5d26954d8c528f51cf72cf00d87934349,src/main/java,src/test/java
cead705cde6827b0e7dd264bd4894a2afaa06549,src/main/java,src/test/java
5b6e00c9655d2897005b284bcd270bc9fdf085ae,src/main/java,src/test/java
50c16fae578a9d5a70def7d8b6cc046685228f5d,src/main/java,src/test/java
675f93fa3d0bbc0be914d307eb54a9273f413940,src/main/java,src/test/java
a92833f2268094b1bd73beab3fd8e6105e6dae59,src/main/java,src/test/java
c6398457bca1cabf15d1ee449e71b135a55e26c8,src/main/java,src/test/java
fe95f271bfd348cf4c9d556799d5718e77ca4dcb,src/main/java,src/test/java
c426e1f716002618629f135718cf377c1fa5fb45,src/main/java,src/test/java
f7059c744730e3ed02b6693f6b3a0576e92fb544,src/main/java,src/test/java
c282a0fc971358e4947aeddad5fa781d8f58f0c1,src/main/java,src/test/java
6b337b757983fd481c7404ce1ee69927e4615366,src/main/java,src/test/java
c475d178e57945696a6ecc843caee98acc3e36ab,src/main/java,src/test/java
5b429e8bc0b8b15970e88aa7ff417bd1bd621f2f,src/main/java,src/test/java
304d7100e669beb100595908256c3606bde15ff4,src/main/java,src/test/java
57a060cc6cea849a464973d5963dac8d095b8838,src/main/java,src/test/java
7dc851ac614cfff388ccef4abbcd854c33356a55,src/main/java,src/test/java
8ed2ae8268a5fed92a3d4ca2010545291829ead0,src/main/java,src/test/java
cf9029c1bda0b4dec2333feec5eb2759915b180d,src/main/java,src/test/java
7b318086c5167d10b74830b390b484ca4262a10e,src/main/java,src/test/java
e68bfa989dafaeaa0280c1a321dc704804c5c12e,src/main/java,src/test/java
9b5a18dc7b1da7926140625649aa0e06b2605df0,src/main/java,src/test/java
41c644dbbaef216a27fd83e4d290037b2a485b46,src/main/java,src/test/java
d3fe375258bee9584a7d835cb3fed3d1834ef507,src/main/java,src/test/java
144668e3a30299d7c8a2b073024c14a51adbaad8,src/main/java,src/test/java
a145b6d838914e38ee1027a1497de41140549080,src/main/java,src/test/java
13c7f19a5ad506340a7c8d8601ef4bf2426ab325,src/main/java,src/test/java
03eb977022a8da0ae95f9df310f57625694b5997,src/main/java,src/test/java
fdd5b27c3457d66091e81009fde1dbb8595b1c31,src/main/java,src/test/java
aca89dfc1cd25ec3658726b57f5d29d5ae73dfb6,src/main/java,src/test/java
6b4c3f12cbeb7bec88007b68c7c5bd17b9e87d4e,src/main/java,src/test/java
0caf664a6ebb65df0b5262c745c375d6bea353d8,src/main/java,src/test/java
f73368fcf99efdbd4c1df9b6132e260ad11c6e01,src/main/java,src/test/java
69ad232d64f31887896c9d1124097e7ea2e548d5,src/main/java,src/test/java
0fbbbce8f8320917ea6115f23e30ea9b072a91ce,src/main/java,src/test/java
eeb23ef9a2dcdbf50e91e7f546aefd432e6368e2,src/main/java,src/test/java
21078f5d784188267ad228acef34c18b11831502,src/main/java,src/test/java
b7f8443d5246d92b66f1d300cd461e6df41e03ac,src/main/java,src/test/java
01ab63a0f1d4b8d17d86dc4be56cbc7b92154a48,src/main/java,src/test/java
2570e00c3f69ef056a848f6458657e027d14c0bb,src/main/java,src/test/java
c45d62882339e5082693475c7f151245f6971da8,src/main/java,src/test/java
ef98dd34ac629895f158e20b41fba34548e1d573,src/main/java,src/test/java
cc3e6d809c0ee26dd9dd9544f68be215e48f16d9,src/main/java,src/test/java
ec95bf823411f8ea1619dc57e13088efacc4a29a,src/main/java,src/test/java
514f9665295ca33bf2207d67143ec0a125a63a71,src/main/java,src/test/java
0d08da5892e0cccc4df97ff87f2cabf87310c88a,src/main/java,src/test/java
3eea19b99e047d68051ed6cda8f176f10c615227,src/main/java,src/test/java
63dc0ca19176407feb77319db020f2e7b75b0e85,src/main/java,src/test/java
7888a55220f16f94801b1b3cba232ae632704439,src/main/java,src/test/java
ea79f235d216a3de7b214f580d7aea81a33ae20d,src/main/java,src/test/java
38744e5a22954a7c5a96cc2f286997eabb751df4,src/main/java,src/test/java
3f615793c9a29bccdbf5bbf81dfaea359480e488,src/main/java,src/test/java
a061fb752541790cedde9b52cc47d08c044dc530,src/main/java,src/test/java
a7e90b2ffa23ab60c7022e2f94a12651b4fb8ec0,src/main/java,src/test/java
b4255e6d071dc8d48bfc51037cecb29097b9a49d,src/main/java,src/test/java
aefe0749b2f2e63f9d13393694e7d20173bc032a,src/main/java,src/test/java
2aa9dca994b006ccbfcb528de5ff0da6a5578411,src/main/java,src/test/java
728b156730c66ef4d725db15033ca51ee3844467,src/main/java,src/test/java
52a1e24a21dd1c4f28d7932270041d619ddf43e0,src/main/java,src/test/java
651306550ce5dea558f848fdf7a708c2097a007a,src/main/java,src/test/java
c5283881e4ff7c040d5ca31a852bc89f2bcf2eef,src/main/java,src/test/java
19b860fe4b3d2e645340395976de8933b10d63ff,src/main/java,src/test/java
c2db895cb29c07c4b44e49a26ddde7f548cc9e58,src/main/java,src/test/java
85481c8f87075c88a97e793d9a6fcfd8d3c6946f,src/main/java,src/test/java
0b3a8a3128890f710700d04e38df48b883d11d91,src/main/java,src/test/java
f08213cc4c35fd71e98aa5233fcb2db3333793a2,src/main/java,src/test/java
0c01b4c48bc886a7e53b517efeb2192d1caaffe2,src/main/java,src/test/java
b3d7d2882a51c971d0a196e5a3671370df7a950d,src/main/java,src/test/java
5075750b6effaf76c9965a00fae001067454a628,src/main/java,src/test/java
a599a61741d338bba623fe1b37ac0f17b2cbe26c,src/main/java,src/test/java
c3f46a2817927e6b938dfc4792f34164dd6adc28,src/main/java,src/test/java
840776df1dc84bdbdbba8eaf8e3eb3c96750cbfd,src/main/java,src/test/java
2679ea371a9a9a5a80cea89f48ec7ac2cda94a8f,src/main/java,src/test/java
3a84c601105079569561cd57403dc6ad53458b61,src/main/java,src/test/java
98b597117bfcd6b8098bf3c2e1fcc8cbdb0df921,src/main/java,src/test/java
42715f649e1aca0758fde275f767d6a63af41e96,src/main/java,src/test/java
ec5d6423bda815c48df601e0c94f7c40d926b570,src/main/java,src/test/java
07e3d91d8caf2b06b6782ea25d80b57e51338e8d,src/main/java,src/test/java
68289da173ecb00474c73be4ca0d146a10ed5a36,src/main/java,src/test/java
48d30eceed0623fadea0078a12426d4a850cf3ae,src/main/java,src/test/java
fe71cc818e9b5c4f3f53210381ccaaf13c3b3fc2,src/main/java,src/test/java
55f642725742513824975af0e5e91cb1920b6d72,src/main/java,src/test/java
299132f639e22338cb48f70d2cb1b977c4b27556,src/main/java,src/test/java
a473984ef081ac1c55ce263345c5a54049275935,src/main/java,src/test/java
b27de935e21e9a141ac5b4761392d41f43755275,src/main/java,src/test/java
483f81c04062a9d9bc52b36aba68908d1387b629,src/main/java,src/test/java
fcb514119cd92c808239b6f341c0f8eafd6c49fb,src/main/java,src/test/java
82377c48d26c499c048a8c667c0e4bff643e90dd,src/main/java,src/test/java
0b2b82ad923b0455cde93286e3f504a1abd0863b,src/main/java,src/test/java
d39f01bb959ca4ba3df2ecb846137fad6c9be1b9,src/main/java,src/test/java
1b708e343781255f50e17bf10b363cca303120af,src/main/java,src/test/java
458597c6dcc23b01284930521f1cb80e986b442d,src/main/java,src/test/java
46356183872f2cba5e340993c6d85597a4f3cdbb,src/main/java,src/test/java
d61f50a3986b983ba0bfc6d2ec2abc26892c6ed2,src/main/java,src/test/java
81903abbb25ff92597d5f1e3acc648d12bdee444,src/main/java,src/test/java
d21847dd3f01c8e946fffc28a5af1d81a217f3da,src/main/java,src/test/java
13ca1b2ebe7fde97526bf91a6dc1ffd253872be4,src/main/java,src/test/java
b219cb01d051252ed0998f7783cd51b68252db28,src/main/java,src/test/java
4cc6a136753c044ef9bd2bb334d3e19eb9c51972,src/main/java,src/test/java
eb94e61a64105bcdd6afd0f6377de7b4fa7fa105,src/main/java,src/test/java
2bae68787d15c3d3540380164e62759485078ec1,src/main/java,src/test/java
69eb8025127b738eacfbcaf67ea6a7b426048ec4,src/main/java,src/test/java
77a7d7f95ca50eea89ba3ea68d5e6b4815d0e649,src/main/java,src/test/java
5dd97491f96cb442cf68bf791ea1c3504bb3c3de,src/main/java,src/test/java
7ccf72eec1b6b3915cab7700eb8ee6b80ee54b48,src/main/java,src/test/java
f5d8a74cf1f8a9a1981ae413a6ab8c6ef24a18b6,src/main/java,src/test/java
fa16cc041a9c14dfcde202c8067def92628d9d20,src/main/java,src/test/java
875abc7a038d7841e875495dd5016842980488ca,src/main/java,src/test/java
e67792f82e7eaccb39007c0fa65f3217f24be10d,src/main/java,src/test/java
75d5b74a1a7ef68c5169f4b44cdf972c1ab07ee0,src/main/java,src/test/java
596d8a881fd1767ead36f00387f9b6ecd02c8660,src/main/java,src/test/java
92f65370e7c394d16596a25aabbfb67c6da414a2,src/main/java,src/test/java
ae3d46365b3fab92d614a9da1a8d016663bea431,src/main/java,src/test/java
35ce7b849449d272039a8ed3fd5f633331395c7d,src/main/java,src/test/java
7c915333685392f7cfc913b2085471709e6d6227,src/main/java,src/test/java
c2560c028173c3bc0a4627d4ce5ce221bcc9be66,src/main/java,src/test/java
0b5dece13943d0242adf9f715a7fd07ede5dbede,src/main/java,src/test/java
341507b653640f7b3ba7cf242fee5386099e7053,src/main/java,src/test/java
f34b4cc34aff20638b56dcebc51601ccc61dae8f,src/main/java,src/test/java
201a8e4afb4b8010b7df9b3a6d232cf9b2990da6,src/main/java,src/test/java
225976b6273d969ed0de2c3e1d7ae118ce8aac29,src/main/java,src/test/java
f5fb30817e2072958dc14a7ac2578125089df4e1,src/main/java,src/test/java
171676d5bc9527b971fa3140d29d018840741cc0,src/main/java,src/test/java
b5854ee0a4487d1704efe8297784835b5aad036f,src/main/java,src/test/java
5b6cb229ecb42f51524f4447ac3255d963987aa2,src/main/java,src/test/java
3e1afecc200d7e3be9537c95b7cf52a7c5031300,src/main/java,src/test/java
8da5fb28a764eee26c76a5018c293f224017887b,src/main/java,src/test/java
38e36886f4c13e99fec7d8916ba6e5723b8cde8e,src/main/java,src/test/java
cbf8e4eb017a99af9a8f24eb8429e8a12b62af8b,src/main/java,src/test/java
982e295053663787bb0396b81a8956c3c87dc25b,src/main/java,src/test/java
ef9524aed96ca4d195fc390ece625a902fb37f4b,src/main/java,src/test/java
a45b7e63f2d30c028962292f29c69a006c1532ab,src/main/java,src/test/java
e7ce4f363e7c39839d9e91b1e5e7097555d6cf1f,src/main/java,src/test/java
59160428988fef016587fbc881f0ac3864b3ad0b,src/main/java,src/test/java
24f6517c9d5c1293f0c1209b7b44b6eeaa6ebee2,src/main/java,src/test/java
19b6372018c6b800f8e2bf1b85e15ef4cbd500da,src/main/java,src/test/java
0cc451d5e5cb565eb7311308466f487bc534ebaf,src/main/java,src/test/java
38bf7048571f3bc8dd34d14691906426444e4381,src/main/java,src/test/java
cf2e48a05c250feb636dd337dae1ffb7a1d9d411,src/main/java,src/test/java
f1687ae25be0b369b1de1c6495194b3777904e89,src/main/java,src/test/java
2b79b9d8e584dec728a04e2f16758ad9295ea9b8,src/main/java,src/test/java
ef778a2e4eb1984807d1235c742638b17d833b93,src/main/java,src/test/java
1c606c3d96838e595a0664cbafdd60caae34aa0e,src/main/java,src/test/java
006fca88e86bd6f650d4d021d2ff3573a572827d,src/main/java,src/test/java
575be16474e8e8246d4bbde6f243fdf38c34ad5b,src/main/java,src/test/java
0603aef594fa60126c2d45f2ab164eee39f7b44c,src/main/java,src/test/java
3f900a7395e31eaa72e0fa2fb43c090e5a8fa4ed,src/main/java,src/test/java
496525b0d626dd5049528cdef61d71681154b660,src/main/java,src/test/java
2b3de2ce0c94cb59a7458706a5d365e9f7422242,src/main/java,src/test/java
ffb05959800df23aab21dff8aa3bc873c3d1f422,src/main/java,src/test/java
264027d2e91dc58ef55464a2742faa41e216c88b,src/main/java,src/test/java
483f1916ee705a6ed6f512659e3a9d4a98f20942,src/main/java,src/test/java
898ac6df89521165c8026fac694d9b2010f2ccdd,src/main/java,src/test/java
4b3fc3c01b51ef2353368e8cf552b3ef1325b91d,src/main/java,src/test/java
bda5ea6da7b79e4f8cd762ad4a17dcc0daad4790,src/main/java,src/test/java
7a3a5632945cb8c48ace5516a7ac9a72d4f6b15c,src/main/java,src/test/java
14c230a5341f5f5e30cce4b674ccb97c38bf409c,src/main/java,src/test/java
2311ecb6f3d9bdc31e7873591e234ca1aa81e12b,src/main/java,src/test/java
80bd78ea0685d28ddec9b8162d652db9dec949ce,src/main/java,src/test/java
2168c16a666290931af922465b654c8f94c63d45,src/main/java,src/test/java
48bf241d4149919e0928e39616bee2e3783e2987,src/main/java,src/test/java
293a9dffcbd6ea77414d9f056392199e49ba4bdd,src/main/java,src/test/java
f11030247d0c2fd2be589a900f586c364bf1d265,src/main/java,src/test/java
07b87645e9d97565cf6bcbc566bb798512e0856b,src/main/java,src/test/java
d630833beb14bdf88ed8ea5de43617d6d97a42b7,src/main/java,src/test/java
3b76fddfc506a527be0cd8d444d122cda6ca047f,src/main/java,src/test/java
f78376cd2b9c0b18868d686bde44c6dea03c152a,src/main/java,src/test/java
48b1434bc6ac3e87813145299771bdb37de1a199,src/main/java,src/test/java
8b184f28690151e6c5b3fb0f5a9e3ae95af94836,src/main/java,src/test/java
51b0768fc219e8b0d06ada3b4802a136a1322a21,src/main/java,src/test/java
ec0c4e5508dbd8af83253f7c50f8b728a1003388,src/java,src/test
da0612b348fcfa7679b92a5e9b8e1603e8e2da3a,src/java,src/test
34d25d74636254918e371e437d6234d5534693ae,src/java,src/test
b5778eb727ceaa502d78b3585df9720bb0281e9a,src/java,src/test
ce52e0ef59c8e55cb80f841cdc196fd79c8c7395,src/java,src/test
d57207a43d9651c125429de4cb6a483566183872,src/java,src/test
42d511bf3eca7e9bbbbb3ba760c2372ac92af529,src/java,src/test
15234faa82d7224d954cd592f2069a6b2f5335cd,src/java,src/test
b5906d3f325ca3a1147d5fa68912975e2e6c347e,src/java,src/test
ea140fb5c327e2b58f6c5bf1057c7dede909a50c,src/java,src/test
e28c95ac2ce95852add84bdf3d2d9c00ac98f5de,src/java,src/test
a95e76eefb91bdd9cf1c22734874a3d3c95ed327,src/java,src/test
346e68cfd40cbae1f5edf8eef7566c2a8f0b18aa,src/java,src/test
1e14ba5739891cdb04b349af88f48ac04f81462c,src/java,src/test
0aa57f04ede369a4f813bbb86d3eac1ed20b084c,src/java,src/test
cb40e35f5e0990fad4c5278964fcc24e112dde8c,src/java,src/test
ef3ceb82630eb2e0244780e6f5281bacf5f88191,src/java,src/test
3f426fd8d470ede3883272a1b80cada0ddf1bb40,src/java,src/test
fccf3cd2f7d63142019d3d3b84bfc59a21d9451d,src/java,src/test
35cccea8b90a1a7128cec9b001ce01ac36707ad3,src/java,src/test
46e5f522f86a685db38742422283dee02dcdaac7,src/java,src/test
4af8bf416b65a0c292ccc9237241d9a6b5d6497a,src/java,src/test
3ac63bf6816dff81e8b3de035797f08c9203394d,src/java,src/test
3f0e54279634aaa87bf8305c84d53486824f53e8,src/java,src/test
c72adf1b7592f302b8abefdb3b2f95782cc75aa2,src/java,src/test
8b1a8e178abb46cc048a3982636b8ec4e6ffc8dc,src/java,src/test
ac58807ede6d9a0625b489cdca6fd37bad9cacfe,src/java,src/test
4d3629f310e84cc24c0e5f09d97f5126692d0128,src/java,src/test
fbd4347ca79fe9120a8bb2c8d9cc11af73243e8b,src/java,src/test
bec23232bc5841772e72f7f30893fef9449ffce3,src/java,src/test
3b0faeccd0290e1e89cabc2688cfff6c6de5af5c,src/java,src/test
bcc96b51c4ff11f9c8e94dfe3db5101ebf176593,src/java,src/test
440a9314bced3af674a8a85759cc0e726cb21e96,src/java,src/test
76df0849b3b84fd9271069f9180fcc8d1fe6cc0b,src/java,src/test
e4d7febd085a07eee107f396210823382cfa1b9c,src/java,src/test
2ac6a04e0fad4554ee9381c24bfe318bbfb1f622,src/java,src/test
bacb62849589003f4743210b245b2ef7076647a4,src/java,src/test
8b5360002cafa192df5135e07a38fa4686637e89,src/java,src/test
275a071f16c8948e511dde099157293c6d46243b,src/java,src/test
dd2ae757d12554f290931f0b3c05e33ad993ecd1,src/java,src/test
68217617c54467c7c6098168e714a2fb6a48847d,src/java,src/test
ac2a39e92a71d5f9eb3ca7c6cc789b6341c582a4,src/java,src/test
eb3e2ae1f3734986a9f0225c661888baac3cb13b,src/java,src/test
06707cb1861c20269d692076dd5ab6cf668a2fbd,src/java,src/test
0760da507bd858abd2be7c8545d43d856ad58f6a,src/java,src/test
cf28c89dcf72d27573c478eb91e3b470de060edd,src/java,src/test
81f10d7f1ef52d44f43b38d81ac3dc1c83d45134,src/java,src/test
126a82936814aaae5cad914dc2f305dc6a901803,src/java,src/test
27265c8255bec4f28efb426a4328216fba1caf55,src/java,src/test
96a54a3e5ec2f47be0fbe918bd98ad1f070bd19a,src/java,src/test
68c511d965613935194914eab3ebdbfd97e9e405,src/java,src/test
3cb532187d59818e67b5d382071bd35ac90df42e,src/java,src/test
3703572b75ee047c95f7024220620b589d7920b1,src/java,src/test
d95fcd8e24568b4f9d3cb9da922a4029e293c793,src/java,src/test
cfff06bead88e2c1bb164285f89503a919e0e27f,src/java,src/test
ae9f6faf8fb8ffcd52f50512682b94aea53f683d,src/java,src/test
99692fa0256f76fc44c21e439635bc37beb21ad2,src/java,src/test
229151ec41339450e4d4f857bf92ed080d3e2430,src/java,src/test
916639bda234a8e5a030361c4068667764b34cb7,src/java,src/test
60e8fdec2420e6953ab3880faff715488dcb73d3,src/java,src/test
460a9ab7978c00db6c456f690f525ef36019e8e0,src/java,src/test
d5e343049c2610c31ddacb24f0d173942f6d5ac9,src/java,src/test
5310e78952ca17521b7d5e83bfcefafa227187a5,src/java,src/test
19f33e4e0d824e732d07f06a08567c27b3c808f3,src/java,src/test
3cea4b2af3f9caf6aa72fa56d647c513d320e073,src/java,src/test
eb8f74efb75e71fc91e515a38becc2aac203e339,src/java,src/test
90f98c9d2557f0c2a59db28f50877500dc442d27,src/java,src/test
6b6b867cc2af8a7b4d3c4c1615602b341becb720,src/java,src/test
1d3907bdf748e69efdd8f637487ee13cdd60d81e,src/java,src/test
3fc8366239792213ddab1bc276a57b7bf47583d2,src/java,src/test
cf3597cb3b8e09bc277e22482a1335dc817ad222,src/java,src/test
b9dbbd2d61a3615288a7a9454dddfd2fa3cc20d5,src/java,src/test
3905071819a14403d1cdb9437d2e005adf18fc70,src/java,src/test
0ac772a4e3b07287c435fdc3c812f67277c85cc8,src/java,src/test
e4b58afe49b8232e0c7a1e051a6cb8580b14d6b6,src/java,src/test
7f89bd4850b7a5b0dd2a10d2f2daa62805de5bca,src/java,src/test
dcdea66eff6cee2cd956e8ad2a92ab3a7c3a2f09,src/java,src/test
5a756bb17e9d0ed4a82e8681a341399686623dd1,src/java,src/test
4fc64e0deac93fa1b2f023ab178cedb7bd523a04,src/java,src/test
6d00ce44b35b8140666eb0a57c99e18a07c9f908,src/java,src/test
c6ed69585bef44ddfc25635c78a3e4153ebbbec0,src/java,src/test
a0ecd1af6103db774732f1f54cf72dd9f32f81d1,src/java,src/test
60f7d2e809879dbd7cf6c18687fb57dc22958b1b,src/java,src/test
d858cda250bd6dcf44d352eb853a8037304eb8aa,src/java,src/test
0f3beda56236a03c2de371a0aa776522ef24ffb6,src/java,src/test
0200b9934536ddb1257f33da73c43113def30720,src/java,src/test
7d2e70152b9ea5d529c5910ccd69e99d571ce606,src/java,src/test
659ef247b1452b6d5b9f92271357381fa59fea50,src/java,src/test
14d7ebd3a6e88628ccdfb190a209e155da633b0f,src/java,src/test
b2f1757bf9ec1632a940b9a2e65a1a022ba54af8,src/java,src/test
3b46d611b2d595131ce0bce9bdb3209c55391be7,src/java,src/test
a5589b39e985e64861bd920aa7b13ab32c215b06,src/java,src/test
868f6976aea222e96259843f56df9aed8e48584b,src/java,src/test
5209cefa81c9c48a34e5472fdcf2a308a4da2589,src/java,src/test
e96b0142ff07f247d21275f31e884e3c246c70a8,src/java,src/test
e805467d0420ad2fc99f0351ab98e52759680ef9,src/java,src/test
71e98186184694cafddca51f5dc73685c3feb520,src/java,src/test
c41b8c8ca37a0ac20474475fac00581514547810,src/java,src/test
b604968a28f19de686f925f2244cf7e9801b41b5,src/java,src/test
28943c32326c5c12f3d43e70a5cc7199cec5efd8,src/java,src/test
b6f7a8a8be57c9525c59e9f21e958e76cee0dbaf,src/java,src/test
d3b1163073c7aeb6011a5b65bfadad15bfc0f108,src/java,src/test
5ccddb3ff7c65882ad6bbf95cbdac9debc76a871,src/java,src/test
e89e8d62b911340cc5b293465cdae909f3dfd640,src/java,src/test
efe7954ba130bceadaec3f17de2eef3fad63c198,src/java,src/test
5152139369f475d71fe2f6c15862244f1c47859d,src/java,src/test
3ef8a796b5ddf87e3e9afec9ba94aac62681b394,src/java,src/test
9e254e1bbbbb800fc24b77e3ce0bd6cab68ccfff,src/java,src/test
d8c22b8e1c8592bc8c6f6169a5b090082969acd4,src/java,src/test
1157aea6d67d2fc49a97e2be66a7785b877c1695,src/java,src/test
f4908b1bd27c8b2e3df64f631da35c42e8d47b9d,src/java,src/test
5141fc96f524da70c9b2ff3b6300642316a6ee70,src/java,src/test
b3da7e469389275f820dcaf3ce0ce217ba845f0e,src/java,src/test
43b2a5b6808d7b6aceb8895eb5cd221dd57483cc,src/java,src/test
2df183fcc86686469fc01f40b37afa2d08f36b5d,src/java,src/test
b20cc5eb6620a745690cfe6cc74ad7313b155583,src/java,src/test
ac22f42df648ffd4333c983799a769f8067aef68,src/java,src/test
9dccbe87a88d9221afaa646698aa4e469d602302,src/java,src/test
bc5652174cade1d9c2aacde3c4658a1b47fdb818,src/java,src/test
06588334eb63b0e0367bed4771d0167b86ded653,src/java,src/test
7b751c91938c9cfc015242f0a811b0fa818080d1,src/java,src/test
672e3a8ead2970181c32cf5fc70a3ea3d020c1fc,src/java,src/test
aae6f4f3213150979ff4b54d30984aa1229c1dfb,src/java,src/test
7d1b54b33b07a570060824a703222a77c35b1fa0,src/java,src/test
3ea6752042b133d4e5066641f046aeba973c4317,src/java,src/test
a99e5dd3df36b074235847b5ad70739560b22f4b,src/java,src/test
c71373047dc2172b0f06cebf61da284323d6ff99,src/java,src/test
bbd990b81fd7f8ab9dde75c8070b973b9ce500fc,src/java,src/test
8185a5f63e23be852d600a80daa5b848fa836a65,src/java,src/test
1fd45a4f68ea497dfbdf1a67b8b8805a4a9b1166,src/java,src/test
38f8bcc60b90295f0a697f32e760a0082571bc09,src/java,src/test
c04cd2337786ce7d54ed1fb757192fb8bc8c5e41,src/java,src/test
88c76d207f642831ca899e144159424aaa60cf8e,src/java,src/test
a8203b65261110c4a30ff69fe0da7a2390d82757,src/java,src/test
1313a65c11dea54f1baf492d4185fb2d673b6716,src/java,src/test
cb7bfbc06d5d289be61733824d7f3e81321b2b3a,src/java,src/test
3333dcc11f2d65ee99043945502102dcf3bca50c,src/java,src/test
0695c3f71e3fc5abe29d8b9b33eed7faac7e73bf,src/java,src/test
c34849d5cecac50ff5a0c26d612792a1706e90c6,src/java,src/test
a6478c3941900bb37561f9f967e7ac667bd5a1f5,src/java,src/test
1ef2ff270e7bfde39caf6e5a3d3e124fc648dc71,src/java,src/test
abaa7b85d13940738d59c1faa06d8bb2f6f32d01,src/java,src/test
cea79f54a0c8873e7b964fcf37a73f93226fb1e3,src/java,src/test
5748aee3d9ae858835aa6750d535fa9f6b049358,src/java,src/test
a97bb277a0f529aaa3b7cee2128ca58bcedfd292,src/java,src/test
dfea1e9d3d528d9999c4a7ac083e061e4e26073b,src/java,src/test
d228a4213fce82740da56d93f5295fd99d1fa5a4,src/java,src/test
20272dda3f5c7c3c41d2e57e300344bc6aab43e5,src/java,src/test
f13641edd7f1806812c21f60f547deee66b54195,src/java,src/test
df1653a8490feba4a21ad8aade5c960b402c3c7a,src/java,src/test
8de71ae52958ae70fe651b7327319c9beecd9b84,src/java,src/test
be9acb165724bfbf91f72a4b294a22f473424cf2,src/java,src/test
7d2f8cf91ed32a81b707a926a16a71108cd85aad,src/java,src/test
c8fc5f3dff9491b076a1f76ed5a2584908b1db4f,src/java,src/test
bb1671667d9085fb76bd06af7f7ad91d2c1c8389,src/java,src/test
6358f5a5f6f4b732d6b859b5b8965a6faf6194ce,src/java,src/test
130e515cc06c3cbe1b7f30d190ca7a69db891bb5,src/java,src/test
f7e0805caa9315fc349972b1f9211d4be321fa6d,src/java,src/test
ff6746bae21b96d0c5578ec146efd40300d62a16,src/java,src/test
ca9a718857ce616e3699328906c21695b5b73ab1,src/java,src/test
e48239ff8db4efdae8bbc9037ab7e4b1550a042e,src/java,src/test
3fcfb02dd822f854448611060b4f6682b08c1166,src/java,src/test
5b5cdbc2a8c6ba857f55307bde71942cc1aae1fc,src/java,src/test
0c482ec32d901b3548076f8574add0796d138ca1,src/java,src/test
6ff99617ef677cf1b9896c7180b06a4931bb1d93,src/java,src/test
e5cab2f60efe3907b7577194ca0dc0c833e5c2ed,src/java,src/test
d3fe8747fe8d7e9092b7f4d3a0c7f8272d1753e7,src/java,src/test
14ac91c4a6d86052f0b10922f7e5d312e6e045bf,src/java,src/test
ecf861ed51fd0dc13b024172f07de6ab8105b6ea,src/java,src/test
1ac1e045735d49f0b9cf7d09b60ec2ea2d9901d9,src/java,src/test
88de2f51fa697703f5600446e8d0e34b3cce7240,src/java,src/test
15a1f2feb519a41e1a8ac4f45f6330d103e25a02,src/java,src/test
e7640031c6f8c5463f101495e45c5bd08ab03595,src/java,src/test
ae87a75a34921cffb444eb36fff0e6e221e1c4e2,src/java,src/test
bc22786f3ec98bfe16bb16710069aeb7895965aa,src/java,src/test
531f45e6f9b9ccdbd51b76625bf99170108dcc08,src/java,src/test
463a65b82d5407907eb384e7107ba42822197af0,src/java,src/test
3814b58ddc878ad45f72196ee018e3103c1af37e,src/java,src/test
dac41d3cd35628bb0534de01f25dd0f2ca255f0b,src/java,src/test
746b4ed593642977fbcc049fd176b58ad866494f,src/java,src/test
90362a279dd147c22780135f047c161b6f070048,src/java,src/test
36719568529d0200e9b273179ca655e24fe04054,src/java,src/test
