81d3e3d2faf883e03354c82d3fe9521d2c172026,src/java,src/test
c50e0968c219085d042c8d64d30c716830a3622c,src/java,src/test
fb5e3f403b8483627d9661fcf2985e78c8640c83,src/java,src/test
e65d67e1c41746e811503255fadacef6de645eec,src/java,src/test
a50a203248662d2b4fe6f5b6952d3066ab3ab8ba,src/java,src/test
3b398a0715d4848a6b71506615b9d230fbf3e60e,src/java,src/test
f5185b0229f93097be2433386c2d4022e70545d1,src/java,src/test
292322e9b3e14e4b560ff1ba0b8648a533d064b8,src/java,src/test
9c0cabead7cf075308b11362172ae1a48d41321c,src/java,src/test
52d82d1dfff8c2b2ded9d843e0b03017af6d747c,src/java,src/test
dce4ad64d1a0b9b62eea667ba4c7c58cea435d2d,src/java,src/test
8e90d4892135355d6dc65443a2039429d8e34e9a,src/java,src/test
0148ae493e7a0462e13ea595f2be1dfcc819adba,src/java,src/test
981c0002d5accb9ebc056b7a34025fd814c4e17f,src/java,src/test
cb63f4a959e30de6882b20af10d189c7307a6da2,src/java,src/test
2f7454a01e4c2992bffc3d86137e632e80c5027f,src/java,src/test
b8c2d9d9dc9aab45f83cf49ac93cfa8546e4c08e,src/java,src/test
4449af5be0d81e35daef251055eca4cbfffd1d5c,src/java,src/test
1cc505db83878d34007c1178c07fbfc9847957cf,src/java,src/test
b89372bb13e15899d20a41f538d7df377d40f527,src/java,src/test
6a43ce7aa8fb6be26fd0559b189dce704a0a32f5,src/java,src/test
93333139710428b579e9b9bfb22a431028df4feb,src/java,src/test
a870413801679ec8d0eefd97878a87bb2697ae5e,src/java,src/test
3463e5a567cb4a5168ee7a6f872fb0ba1544adfb,src/java,src/test
165d33f8c676d4b5063d1899beab3a352afb7d82,src/java,src/test
bc2e477f7530ba40cca08687067082ec6805bcb5,src/java,src/test
84235691b5d1ae6d4705dba63c19dc1f6450021b,src/java,src/test
20a88d9b49beda71ddee69af92872716fd00f13a,src/java,src/test
d7b01850ef418b1d261cdb2029f8f85ab4031553,src/java,src/test
a5dfe5cbc95d7f3ce0b4829756690c2cb8439f4c,src/java,src/test
fb0f38f58d73b868e3bcdedd09d96b1af8c3cbd0,src/java,src/test
cc6df030dd2bd4d8693f0b557f097ab3b321b18e,src/java,src/test
25ad9f824aef478b61a774ed9402068ad215b23b,src/java,src/test
bade1b72d526fb6493f1b11d8f2e63e51793af91,src/java,src/test
b3607d8b91c7f164cb3b2aa67035bd5c468fcc56,src/java,src/test
d89939d5d56b0b2dfabdcf7af2bc83ad32884cce,src/java,src/test
bdb86efa0ad793b99f680d397a0b168487b5335a,src/java,src/test
9f33e444f82663ad5cb855538438ceadc240d767,src/java,src/test
38ba13232cb37374e3c333e2121ebad8a793935c,src/java,src/test
bcfef8906931a7929a6db14b9d82d387fd3f17f6,src/java,src/test
c10f11cf583e8e59bdc146d3a9d25bd53fc97ecc,src/java,src/test
9535a94f6934edc9f3cc16d74621ca61429ebf8f,src/java,src/test
ed374757af14531ed144fa9bd66364e6933b24aa,src/java,src/test
bbe1346da2c2cf95a1aea114f6116b37f2ad3d95,src/java,src/test
4c6eea410d34d7ff4aa5c30fb7a2fa7c349dae18,src/java,src/test
800f0531068ebaf2f2d257bb1bd805781ddd4760,src/java,src/test
db1a9ee77bcd07e49e79a9613778ef253e6791ef,src/java,src/test
8f1c55a59e4d75b5bf828ce31a8db14aa7608cc5,src/java,src/test
5a0d6b1d2b38a8026b1e160b0de9d9d56b07665c,src/java,src/test
d74fc31604c805a47c44d7853f63a3b06ad6c016,src/java,src/test
b57a1aec395cff5156812295c9dbaf9b7edbddcf,src/java,src/test
f7966c1b374ebdd3fccb28370d9cb80a2115d807,src/java,src/test
954d995c5603b616c3c4a9ffb1823f36dd7ebcb0,src/java,src/test
931e25921dc0ec705a0055655aa2b2237a0888d7,src/java,src/test
2c13032a16e37b7bc9e0272d25fc185b5c82b42e,src/java,src/test
85b09d76f239b20cf3e37e5507d371c355a9b318,src/java,src/test
8269f17bdb90ebfbfc498503a601e085c7b458aa,src/java,src/test
6b08732ee9aae06316dbdead2aad13f08190853e,src/java,src/test
5223a63fa67fddcd092b2ae214b1eff0173a52c2,src/java,src/test
eabb90925568f9e4b04754918840db8156e5444a,src/java,src/test
b396c535ff143cf94ea0d11f50739da1709ec290,src/java,src/test
c5291ab1ca4d4d7a041874a66b1c05b7d5c02ccb,src/java,src/test
6097e2e2f058059da40dad38f9d58d33d80b0771,src/java,src/test
4cc8b66909d3f530f8509785dfb958d71526f3f0,src/java,src/test
9dd1961d326bd9f9223093283eb1fa51b1bcdbe2,src/java,src/test
c86b5e26e0b9195f4928741b5b7dcd3d857f4de5,src/java,src/test
b0117669677f27a448c8fcafcd1430e2e0a5c3db,src/java,src/test
1221af62021d2be25cd161dd8678368b6d785a72,src/java,src/test
a544e36f3f938f3be26fe573655c4e9aed89cb98,src/java,src/test
2af0444758f487699201a2b0e451e83837a5daac,src/java,src/test
395b4d902fe83f39581198ebf276079b07bdd442,src/java,src/test
a543d02c1654f607c2b22ec4d965f015ec784df1,src/java,src/test
fbdf624565c02a0a3266c6b29cdba53c2408c890,src/java,src/test
ffad0e429003925e6e4427eb996e83a657c1d1d5,src/java,src/test
2a8fd84f1f380fc472ecf415b771cb5fd789719b,src/java,src/test
41c68e9ef470696009d72133c7f05a20e2728e34,src/java,src/test
48b8666dde21d4087407d5b0eac686c799ca0e09,src/java,src/test
c06e641cb04a4fd62234b9381a4c5e2ecd10630e,src/java,src/test
7530ab001fc2f89d3769bc8d8a0d73248e839577,src/java,src/test
4c24017327dedd6744b308a6ccf6c5903e7dda99,src/java,src/test
94a565c045b28e66d8477656f82b55221eb96590,src/java,src/test
10920798d1133fd5a4f89061b679c2eaa6de09cb,src/java,src/test
2d76aa8e140c5c5eba12a7513aad7340ec84bf13,src/java,src/test
5a1ea2c961fb856ad70707cf0cadca9a023d6a83,src/java,src/test
b94d06cadfb8795cf19315158624f792ee666510,src/java,src/test
2e94c832384093901692765f901f510115bfed79,src/java,src/test
45c71b732ee51851882898bfa331d0563b7291d6,src/java,src/test
03af5cc99956ac0b60ba64bfccc0389587b584ff,src/java,src/test
b472b1742ad55d0cdef007f10f6062990300eaf8,src/java,src/test
300d24e65b215b1e8278286bc8b1d7a0a9a871d6,src/java,src/test
dace53f5b2dc2791fc6a0c6981fe2756be405cec,src/java,src/test
6db3ec307d73d1f80391e593789d2175b668d761,src/java,src/test
6f73fb162af41879fa801d86ae2772a9ac14121c,src/java,src/test
7211918f48e27560e523727beff689ff8545ecd2,src/java,src/test
8efdc08aa5e29a460ae551e7514bff159c4b7ab1,src/java,src/test
770daa97631c64a4f00b2dc10f8528280528f742,src/java,src/test
919d3ec4adbaf64cb6b7e9f40f82432b2159d510,src/java,src/test
d67766da7b3ab470013cd32e91d18d9074171e07,src/java,src/test
d572830b67ff6c90825e2c0e7ae3c67fe8ba02f4,src/main/java,src/test/java
034c04194dba4a3d8b7282940f3f99ade6bf9a95,src/main/java,src/test/java
21015931d11bae2a37e390ff70ae55606a692ac1,src/main/java,src/test/java
9999937922dc0ebe50f913fbbfb147a19eb8c0f3,src/main/java,src/test/java
7e8c20bd1b0593c3496a168be573aed40609a433,src/main/java,src/test/java
facbc3a39c5eb2ce190c1ec597015da47c51b2c8,src/main/java,src/test/java
75cba401aebe256ccea215674cfe403bbe4a1a75,src/main/java,src/test/java
c988178349de55d0d56b7e11724f677635744b1e,src/main/java,src/test/java
6072119cc9865476998a2d804fc91b202532772e,src/main/java,src/test/java
d1ae609f70e7c16923049db2ae083cb18a831cd9,src/main/java,src/test/java
45acec70544cd2d88feb901070f160ca25349196,src/main/java,src/test/java
2697108cc9f1c7b089053143097c9f8843185462,src/main/java,src/test/java
10d8fc1dad1191f593c79cf6dad79af5cabe3ccf,src/main/java,src/test/java
403a784b81c5fb845aef1b34aefd56d0d3056964,src/main/java,src/test/java
61dcb07513fbb32c90e5ae90fa376bdf7705e2db,src/main/java,src/test/java
caa142d0399f10ce3ec6fb843e679e2d8c07c43f,src/main/java,src/test/java
1fc451c79779bdbf788e8bfbec6dc031a47495d8,src/main/java,src/test/java
fe56886f6d4c6f872caa23faa4b94e34b0b221a1,src/main/java,src/test/java
3fa9adaf4008fc100f2609cea3d6ae56702c4dca,src/main/java,src/test/java
0c7461b7752cb6840cc5997d54e2ce6930bc1702,src/main/java,src/test/java
29220884e616c750cf8bed06ad939d1c366b8c94,src/main/java,src/test/java
bc1c22bcb690e9a906abc6a42fa258b39edd9449,src/main/java,src/test/java
c4b947d96eb273089b6753534f673640efa77703,src/main/java,src/test/java
f424976a31abcc77c7bd1ce558437e04c7fe68f5,src/main/java,src/test/java
3f41cf1609fae7c8848beb0655bcf67132c7a277,src/main/java,src/test/java
fcc8b547d6bf219f24e1f2eeccdc28134c86e037,src/main/java,src/test/java
e04ddcf7426d617036064e9b99d824eb4201d470,src/main/java,src/test/java
c683f14ef654ac62480d6f5bce9609106e09d5e2,src/main/java,src/test/java
5536cf67cf7ae3b72d02f6c398f52a47c9578c0b,src/main/java,src/test/java
9bdd4a43f82ea8a1c373af65bd4f7b1906ca0103,src/main/java,src/test/java
536ede39c1bd58ae4aa6138103746b94164287ee,src/main/java,src/test/java
ec43b73f7acb4e604fca09cc44afe47df95f74cf,src/main/java,src/test/java
53f8961cd945276b532775532c7cbe075c668daa,src/main/java,src/test/java
a5aba02f5ff8a1b53147488324bdb11c2dad561f,src/main/java,src/test/java
5204f7209c905c3ba2f11c531f30ebebe691975b,src/main/java,src/test/java
03fd13821d6f12e60af9de8959584975376c6b36,src/main/java,src/test/java
f2e7938365b6256e6f1a323602aa63d5df346ab1,src/main/java,src/test/java
2dfd03934382a9dba4c39dd248b8b6adbeb181e5,src/main/java,src/test/java
531b5dcb45b80f1d72a305603e32105962b14ce7,src/main/java,src/test/java
fdb6743af113595cde1a722305ca571f27d03d41,src/main/java,src/test/java
d915d755d1befffaac3a54ed667c05d6b6b74554,src/main/java,src/test/java
c45a7d3ac48e5e10551b9c98a73b6cd8e1a06958,src/main/java,src/test/java
33b47aa139c7a1a7bca6d56d37acaa3ed963eb35,src/main/java,src/test/java
5912d28fa0116ed7a284b6f550630a0ac054e33a,src/main/java,src/test/java
28692752c2a23fb3afa855ee22a26877ddc8bc06,src/main/java,src/test/java
1f5240e5f0a7c18e93dc68ee53c4a4ff9b6dfd69,src/main/java,src/test/java
ca5047cdc0a682af5db270423cc8705f2820d91d,src/main/java,src/test/java
bedf8732cf2d09f4d5fd1360e2f23e7891af48aa,src/main/java,src/test/java
03aa0776df745abd944666731e8859ec5ed487ba,src/main/java,src/test/java
9e7c59dfd25b087cc56e13e406ab1124b0d28829,src/main/java,src/test/java
21a8423514bcbcebd24e3d1c120da62683ad70f0,src/main/java,src/test/java
7fb904ff9e0d5903fa91d967543aed54d97cfe36,src/main/java,src/test/java
298527f9ed4ed5b8b902238c7edcadbe8cdbabe2,src/main/java,src/test/java
214efefd4469bbee6303dfc93871f897683c1c87,src/main/java,src/test/java
66436373d83a18676dd6d24f0317200a4daf83f0,src/main/java,src/test/java
cfd44eb99719bf045bf78b1e35dba231f98f5a45,src/main/java,src/test/java
8c145775da55fb33104751199a28809acb657c1f,src/main/java,src/test/java
37ba197e62d6b60037d18afc33801e6221f1b8c6,src/main/java,src/test/java
443795f294dfafe40ff159fc651c3dbac6f8d310,src/main/java,src/test/java
1ab9a1c6b3b0d588dd099d4d0db5568b2eb94389,src/main/java,src/test/java
5dd9e60cb226c571e13832023489e8bc366ce69c,src/main/java,src/test/java
570431c8502a6705e749b62ebf5519930946a776,src/main/java,src/test/java
7d378fd087eab0d66b2e069dca35837ce90ad1f1,src/main/java,src/test/java
1189e1b201e0234b54df551804098df18bd9f445,src/main/java,src/test/java
711c2e1aff80dc3205e7a3608a2ac391894d6711,src/main/java,src/test/java
50a1d17b5402accbdd59e62e68fa96172c9e3764,src/main/java,src/test/java
39d5df29fb768fd257f9d328b99f00bc69ec864a,src/main/java,src/test/java
7b1569046b625c1855cf25297aab3e5d3b5ca2d9,src/main/java,src/test/java
5af6d23690d89bcbae93bbf0cd43cbb91d6bb9ae,src/main/java,src/test/java
5f8141e3254379958f914d63c193b8d37509a0ea,src/main/java,src/test/java
dd09ea7736fad17916b517adb6d153b25b8b41fb,src/main/java,src/test/java
05bcf7d1cda34baa41333da83b0d743b6ad4d658,src/main/java,src/test/java
d2d757416ed62f48afc65e570c08f7c08315a98f,src/main/java,src/test/java
2cb32b82b22da4e36cd12778ba98637843bbcf06,src/main/java,src/test/java
83af056059bd781b6104caba38558cc4b5257220,src/main/java,src/test/java
0110214af6a802b2c7abc4f7151eab7595036478,src/main/java,src/test/java
bdc77f1b289f349e09051b482d7b4efbc6cd9f6f,src/main/java,src/test/java
722c81702112ae07b8fe1f57612a5e82e93e00b6,src/main/java,src/test/java
cf6e3352324e9caee8d94af525ee6ad1fecca337,src/main/java,src/test/java
9bc3701fc327a1730381bea688f62da60891fd40,src/main/java,src/test/java
fb09a1d1244fe0331a05418f5ccd32b62f2200e7,src/main/java,src/test/java
b515228199914ea1767d707bf861b3e8efbaa41e,src/main/java,src/test/java
8fc193527df27beeeb638e6e812e8c4df6c72f46,src/main/java,src/test/java
28b7b958d39730fc278fd1919bf335c52133a1a2,src/main/java,src/test/java
7c0b78dd0ade55bea55abfea30a7b88ff7a4e5e1,src/main/java,src/test/java
9c881675d214b95fcf861b69b4204bcd7932f66b,src/main/java,src/test/java
38357dffa2dd39c91c4523beade08c12e8009acb,src/main/java,src/test/java
c82fe35c48bd0082c16644d16d82d1be79d6b9d1,src/main/java,src/test/java
07cd4567d96f916c20af10e2779e44d21c9ac703,src/main/java,src/test/java
edb4ce323e9aad278d707be09fe1ef24fdba630d,src/main/java,src/test/java
4970841052d709afe55d975ac82eaa1c0d385477,src/main/java,src/test/java
263fc1987ee6bfe8c09fdcb0f7339f49508978ad,src/main/java,src/test/java
a9b17e3af5b608e9d807fed3344cebd5f624c098,src/main/java,src/test/java
e7b0dde346e610fa273bd4ff2c82f6cf8e6de6c2,src/main/java,src/test/java
f207e1439536afd5099c142ee43f070a0bd43d42,src/main/java,src/test/java
1e48e151ea23f8891902834a4553a806c1312d60,src/main/java,src/test/java
d8695b95cadffa51b7ac83d1dd6fae4bc0bb56c7,src/main/java,src/test/java
c48289b1457f825240043b942ab621b59c5d2490,src/main/java,src/test/java
f7d0a7a2b13fb5eb29d9b815b9c091c89ecfd184,src/main/java,src/test/java
ceb5ccba7bca5f00a5331945c7643c3d102e05a4,src/main/java,src/test/java
76a941217f9272693b5484ef360e8cf6491ef3a4,src/main/java,src/test/java
516f6889c9153a59110d3ee9bdd907e95e10cc08,src/main/java,src/test/java
8bac2b6a1bd110cd171c89e75f68cd9a69624315,src/main/java,src/test/java
410ab04290294dec74180043dc2aa635ca1e4e80,src/main/java,src/test/java
c7b540bae35372e92490fb47f75fac508fbf25ba,src/main/java,src/test/java
f0028e1b90f8d10266f3fe26bafa0882a81ffe82,src/main/java,src/test/java
efe3699122699151984e8499da9d42673a42851a,src/main/java,src/test/java
1a4d9cc2572d220664f1b7c377cd318cd253052e,src/main/java,src/test/java
d2f27093d7d95a07da901902f894d88b4ecc3e95,src/main/java,src/test/java
5d3142a1639c7d8e792f3e72288f18e46ff3546a,src/main/java,src/test/java
ca30fae3acb59a5caef3c3c21eecae7c928827e0,src/main/java,src/test/java
5ef5bd199a4e3df74479b4b363fa29b0b3092547,src/main/java,src/test/java
6a0a1876772e74a1d4a7c82669784f8bcca8397e,src/main/java,src/test/java
8c5c6b936ee6d1afb75cc2cbc151887937dbcca5,src/main/java,src/test/java
ad98aeccb923add1b7d57e977f8c72d982f6285d,src/main/java,src/test/java
ae83747b2b049ba37605622116579e8186dd3422,src/main/java,src/test/java
484698c5415bb578cb480845e2dfa930d3d49d9c,src/main/java,src/test/java
8bb11519522dbe0192d6538a29b3356b25f5927d,src/main/java,src/test/java
29a7e67999568a5c86b32ef513a90d5d090ad2b2,src/main/java,src/test/java
0b2a0c932d089de9f19e2ea9b278c5d09a239099,src/main/java,src/test/java
36fccb4325f924bf46babd4d8d60226f8dd3f154,src/main/java,src/test/java
1588087199c1df9265981ec75ce920e191718ede,src/main/java,src/test/java
c2b70e8e34a7c8ebd4c60e287c73f1e95526b2f5,src/main/java,src/test/java
