3864adf9edcafbabd48fc8b228acf7f4d9a27558,src/java,src/test
5310d6a5e89764be783da594634e534dc831df7b,src/java,src/test
c967bd6c9b990cc8b70fd6ef771e2d0829552337,src/java,src/test
08002a783fd06ff75decd877e4e8bed1556c73f0,src/java,src/test
1d040cee6c21afb693e1b849ec37712c493dc981,src/java,src/test
7054900f3187c70c60e9e86f1c2bcd4c13d7878f,src/java,src/test
b2695d6c9ac8e86da66b4a27bf22cdb57343818e,src/java,src/test
2b05c5442b6b02df1edf6358f1d27108191844fb,src/java,src/test
38185db716f592471cff748fdbe9a34d4e65e4bb,src/java,src/test
f766363ad0652109fffab243c5cecb6833ade18b,src/java,src/test
3da0c0582ff4a46fb5144c6dd0fbfafee281ee42,src/java,src/test
d5c05da1d75d6926e56269a5bfefb8e763f1a9e4,src/java,src/test
7e7e4d85577cd94e159a99160c357d1337494b44,src/java,src/test
9315c439e05bc018d6f0bae570d10c713f1882dd,src/java,src/test
0bcfa8d31caf293b712a694906f511962d0d34fd,src/java,src/test
a3e4c31e8bb49c4ec8a5e6ed3c99b6f1c90f5ce9,src/java,src/test
e5d08176c622dfa6c8101b25e4d22ce24a71a2bd,src/java,src/test
265e6a6e076740adb7ca7158d92924f5ef83feb0,src/java,src/test
f5577336f8755f0a95bb4d715157acf4aee2d8d7,src/java,src/test
8f46f467a33ace44ccd9f394910940b6c48a3827,src/java,src/test
b0e1b80b6d4a10a9c9f46539bc4c7a3cce55886e,src/java,src/test
2ff9573ffb08dd52ec3a55a49f2d77a1e94efbdf,src/java,src/test
c155cebd4127367a7b649ca167c0c69284cc066b,src/java,src/test
85248e8ae52232ed75c2b4c52d4071bdf192db37,src/java,src/test
d35f2fa7a06457469a617677eeb4c1dc21484006,src/java,src/test
9627184332fd7f55f0d3f653bd7c7cf7942de0a0,src/java,src/test
3dc96b8c65512372b4ab3d2936ae8433f06cedbe,src/java,src/test
79a1091bd0a2dba7decacd23beac8104f3b5a5cb,src/java,src/test
be940777c369e4b64b7de9e155e20b6d32230824,src/java,src/test
1b29e86722b14787e8c0e9f98676ebc4bc6fbb7b,src/java,src/test
b599e124a373de091bb6e5b0d771505efccc444d,src/java,src/test
0fde7380a4a6b8a9d2405a671cb7c32fe6e6decb,src/java,src/test
a38eaf0e173ed18714d0e1efffb20f5c54f09f8d,src/java,src/test
8ca630b76ebcfe24915a9edb3a6de756cab761c9,src/java,src/test
f78959477b207bf710049aa35730ef7659f0a1b9,src/java,src/test
b8259c6e87287f46e8f0b1001112aacaeb35ca81,src/java,src/test
a0af2f6cf4deb5beb98fe47e6a95af37657aab5e,src/java,src/test
ed200ce899d49dd39f62cdaf92d57f97ca445101,src/java,src/test
2b0a94aee899d9e7d855c402ad40eb4e318f46e7,src/java,src/test
3880640ee6268a2ecb2912e1ae896153dc2229e5,src/java,src/test
6f972cf56d7a3054bac902fecb6d3dd5ee310dea,src/java,src/test
7d52b84bd4399872c37c6c0fc3936ff7a7415c6a,src/java,src/test
bc37af533d41e7ffd67d2d4b923ca7efa3af3db1,src/java,src/test
cfa648d4c6413d093e587b1dfa456c06d8a732b5,src/java,src/test
699463db1eae22d0924b9dbe5de087ec2bb2595e,src/java,src/test
dd6a6296ad379fdec8573fb461a05b3fe5d68f29,src/java,src/test
efb671d4eeb460f38cb61ef80abcba75b8af5bc6,src/java,src/test
453ae0e47197658731a3b796d3bd85de664b3af2,src/java,src/test
c864bd237076124e0249a337e55757d0f6f01b2c,src/java,src/test
74a8c97a89bb34e51ce48a0f72093ded9c826883,src/java,src/test
05b546463c1f3e0ed1e9c17d537e596388ca4266,src/java,src/test
a478f9d3629da372dfcbd61f208395cf754a2da1,src/java,src/test
29af746ebeb6f701dc4678776d2ec813feff3840,src/java,src/test
c29455d2608f77b546093e9b021950645a37fabc,src/java,src/test
a52a9af7c135b93a2f8c2480916ec5f5bad226ec,src/java,src/test
1545ae48a67ad7f2c18942f4c2dfaf9ab8f7eccd,src/java,src/test
7220ac2f6b0dd525e5384e2d5708fb63475f836c,src/java,src/test
08cf0f5d990cdc0daa251fd1a84d011e8cbecc9a,src/java,src/test
97744806d59820b096fb502b1d51ca54b5d0921d,src/java,src/test
bfe6bd8634895645aa71d6a6dc668545297d7413,src/java,src/test
4cf1b71f9f9b7a102fafaa6e03825aa3eaffca7e,src/java,src/test
53ed91258ae02f21edd9aadd53e57cb1c1f5cfaa,src/java,src/test
49a9b2eed2a5d05b0764f43efdd6f07bdb285221,src/java,src/test
e5e294329f435a0a42fbb3334bafc31d7de0cb55,src/java,src/test
3ff42d83c53fb9071e5703709a5f0fa7a2c61c8f,src/java,src/test
ee2ac169de2f239fd60183a4e715d53379cb12cf,src/java,src/test
7659701e751f50d16e4966d786fdac71a1f35de6,src/java,src/test
4461e0327028b94d942ee054666ab62e8eb72d7c,src/java,src/test
d6a6931a0ec1d9643ab61082b9ae46212de2224e,src/java,src/test
f4b8e26e32d42d72eb80db9db34982c59012fd2b,src/java,src/test
db4418c870d94d07473e7eef6b61256372167bd6,src/java,src/test
c7efeafe0314840c8b688b7a161b44b388a70db0,src/java,src/test
f3f97332ec76c66891c516cbaf3b53cedfdfcdfc,src/java,src/test
7a759b5f2c7b9e2874d008d2138604aa3644884f,src/java,src/test
4e5351db96d4640e93bd52b95e03e951ab601871,src/java,src/test
1b0a32df8c9d7011d01a27b5fc682f48714b0d9b,src/java,src/test
3fc3de95a9090a99b864d60041c7b187e6859214,src/java,src/test
73276486b1f39510bf27cb6c0684da805b121f5d,src/java,src/test
4ee0d6c4f1b553858aeabf3ee6fb37d764f263e2,src/java,src/test
6a6bb48840aa0043200a5d9f6fffea47aea1a8db,src/java,src/test
4f407378c93b9e2a8e24c855e8bed5eb12bf7a06,src/java,src/test
298804b71d4e5f8b621f48a300f421229a3f5c86,src/java,src/test
fea35870b69c0d37ab36ab6783edbc7aacc0842c,src/java,src/test
c221842ad13b572d9ab6e896664e3c09ce57e4a6,src/java,src/test
bc4c9009dc179277dbf3eab6296f198d75034fb1,src/java,src/test
df8f8e160c5fc9b955c627c4b65c7ba67088b7ac,src/java,src/test
d0f6128191443bbf49e1c9fde616f87c16486db4,src/java,src/test
d72a578a8949e4b1c437ec55997d8786836f139c,src/java,src/test
d0897140df5a26a5c0580c5ccf062017de5814dc,src/java,src/test
8021d1259124c4f7e0bb54c44d16a30aca853ee6,src/java,src/test
2490250f9b3044e4cd946f11b46694f943f5814d,src/java,src/test
665386dce6e8804408871eb35040bec6d42da528,src/java,src/test
f887e8b6e2ebb519c6d0e51b1ddae6bd356dc3c0,src/java,src/test
82c8efa89bcbab025ac34a04488eec796071868e,src/java,src/test
e9a35f592295e107cf2d2efe8641303959a84d78,src/java,src/test
9f5a7cd18886c299d69f6d4c6a66bfd49e6b4c7d,src/java,src/test
10195f227a2285d8213eea422996aadda00ba7cd,src/java,src/test
2b4fb79570bb7f14c8bfe8c634c0f7d9fe7d0af7,src/java,src/test
d3c2977592e308a14bd0343586b217141d1c32e8,src/java,src/test
92e4871c2ccc39882a1e522bbe8b226ca02752a5,src/java,src/test
0149b8ade6ca4994531a54603472e7bd43d07b3f,src/java,src/test
9f086c536256675a6ca900999fdb54ec06e71f71,src/java,src/test
5f8a5705f94be11bbaaf6f6845d11814b02400c2,src/java,src/test
cb3b84558257d6c9868ae797a50ef806d08692fd,src/java,src/test
51f4ee70a4f5a8a921557b2a53413fb19c52b918,src/java,src/test
33abc034037e3ef5d85d1b03010122617c386827,src/java,src/test
d36adebd3547279b709960c902c3fb7b89a9a4ef,src/java,src/test
b736fcf7c59cfee084e65d06e85cb2c4caf2e9d1,src/java,src/test
1c6da3c7f3f6005f3de725807ba9b0396ef20be9,src/java,src/test
8214cec49675d881c49a22172a20edee09add6f7,src/java,src/test
b6cfdf9648f6f09f76e9bc686fd79ccfdd1d6102,src/java,src/test
ead1f16f5983e080e4abc98b9b5aba288f2c320f,src/java,src/test
05e7cd0a3266cb9d1a425be5107beb27fe171c2a,src/java,src/test
3d11b55c1c5b33af7f4a822987aad5d2e18fd39e,src/java,src/test
d029367b15c4ea8f6d4ef60e95d1eda4493dd167,src/java,src/test
0158f772b3ea94000054cd5b1fc0d0cda2f29a1b,src/java,src/test
7efb32e5ab2acecf30ca344857c420a4e7133c95,src/java,src/test
d4e64e2bd02759b4f5c01c888a3787d6c526f687,src/java,src/test
b8f825936796e2f5b6663de021aefa53fa728f67,src/java,src/test
aa050a69b2395f496f953f4f9c4f63a475dcf430,src/java,src/test
459f2d0921b1659dfb3579881831449059f7add4,src/java,src/test
e2ba946ea0e01c36c84f97f483e1d22cfd64b917,src/java,src/test
538fb6889f0387a40b821cfb315685e929110736,src/java,src/test
20dfc60e4c04d9fd69fdedbcbe50020c7e798f3a,src/java,src/test
5f6912337a7e7903dff33dd206a1d3d93db1c225,src/java,src/test
4727b372ec04b648e55ce434747fd19de7fbfcde,src/java,src/test
3011f7bc688fa2f89650352617950a7f03a5c50b,src/java,src/test
84d333ab1a80231963280a47711086a6b1a56781,src/java,src/test
34869394d0dcb4fc6bcb31027657b346bbc2afac,src/java,src/test
fcc1e5f0de64d0de7a6dc028b691a63ec07727a5,src/java,src/test
28a8c187f1423b5f10654aba41dc2e8ad4719c81,src/java,src/test
8ee0ed532e4ddbf2746d802f9926b9e3d0116cc5,src/java,src/test
8f8639f6a2606f45c130d7d9b65248248fc431c1,src/java,src/test
81fe71619e9e96906d50c4dda64714b62353a2bd,src/java,src/test
f641323f4fed604953fdab54405a98eeaa2b1271,src/java,src/test
f6e2e59df712a4c2eaa1a4a79d1fd6407a3031de,src/java,src/test
c49b5fe1cbce7809a20535ef2e2910e10d485756,src/java,src/test
b7b2069f9d846c6aea5fee98508ec1491fdf1123,src/java,src/test
c338c8aca40d43efda580057f6d41ba228e26ec1,src/java,src/test
a93139165b160af1c908c85a06b0af6b3dda3387,src/java,src/test
eed25612b11caf1f4e6e572e58db4306f31803c9,src/java,src/test
f104dd060c6c88450ac9ee9eb818b26374512440,src/java,src/test
0a8de54ff89093fc8c5a2b00f7c0c856c5cbe57d,src/java,src/test
8d450c9096426d4419d07f67f260067e42e5a76e,src/java,src/test
e2f25af8abff60422cffce88596f5ecf591d1b51,src/java,src/test
cfbb46adb163d9b8af00e9a29e6b42d597f8804f,src/java,src/test
cf06f677daf09348e0595b50dc19f7e32f1521b9,src/java,src/test
9c5ce3501938cff01d78b7a1fff10a60abe9e0cf,src/java,src/test
c8606251c904dfaf5303f71b788e12f7fff15fab,src/java,src/test
b1331806960001da95424315b6103d755107b519,src/java,src/test
99aa05af2bfef3980ad8f94230cd077e8d30c5ea,src/java,src/test
535beb125f0627c5399fc365208d3be24da81048,src/java,src/test
0823e1100abd395aa022285dc97d2dc0dd9472ef,src/java,src/test
73b2b5bc1c8ba94cbf4fe95ed900b11fcc05ee7b,src/java,src/test
147df44faa4eb12ffd4a0063fc3284f784ea67c8,src/java,src/test
98031c73544ecdb8fc5a2f3bbbe834e57610e297,src/java,src/test
921d65a7328a38c1075f01b47705b462fbef2c66,src/java,src/test
65b852595819a7ba347a9e2a7a91120dc20da04c,src/java,src/test
6dd22b7cf77d88d4beb05871b3d3e3fd7dcec345,src/java,src/test
c16ce246fae8f2b699b90656cca27f35c6c50b42,src/java,src/test
028893dad71e4823f67a427903699999d6eedd4b,src/java,src/test
9cd78b4c83df53ba302baadac4c976ca84f428f9,src/java,src/test
c8fba4dd4aedb621645625753bb0ff0049b61049,src/java,src/test
55db14e4930907247192b3a06c86eeb99d2204f7,src/java,src/test
d89e42ab8c7a35853a48833d7f84294ab66f00ff,src/java,src/test
2f96a5c31601a3ccd94736341611142dd2ccea6f,src/java,src/test
d66d5cb48aeced69fe09c5e7064dbecaf58d30cd,src/java,src/test
363f8abe502848af3b844936f9e2d5181084c0b0,src/java,src/test
67289747fc56e79ee9092a47cd2ff5bd0c688a29,src/java,src/test
ae2ff1d12efd8f0f55bfa1febd8c77af4bb433c7,src/java,src/test
db4a638cf642fd7d031fcaebffa306b0a16ba771,src/java,src/test
6183eaa93eac3a365ba7630755c4664a8ea88633,src/java,src/test
f564e7800a9a26e47a655391dda37a0f26e67a28,src/java,src/test
634bad006b48f86588829323ae9dfd8832de175e,src/java,src/test
1042ba35258c9fcfa9f14ccd240d0d1212a2e3ce,src/java,src/test
614fb5241fedc950c96edcb41e125bb7b3907c66,src/java,src/test
d45b614b86b6fc475965ece073e27dc890b922e0,src/java,src/test
e79254e91509806d466364b27756f9fb08b02af1,src/java,src/test
b20a8e9fd4d7d63621bf61ffaa43b51ea2fca3c7,src/java,src/test
880a9f6c45dbcb14215bb35de21fdbbfaeb89c2e,src/java,src/test
04a9d631701e267ff07c8626421bfec0634e61f5,src/java,src/test
2574d486d334dcf90af4d105960409ef1c333465,src/java,src/test
8a6989754b0f426cc681c745f4d65995ee2c7315,src/java,src/test
f4a602e0992cde9b36cdc3a4cf8cb43dd26dc028,src/java,src/test
38d83e194057455a7d02862bf5cf7a0363bf2620,src/java,src/test
a1618324da56da5a9c6dd3287f5366027c08868f,src/java,src/test
8c3239277edbfbe8584c3f2b951eb16cf4448f54,src/java,src/test
0f964c63c8f60f7ae7ac671565ed73c0f3fd9023,src/java,src/test
2b66574e675eba2c159483473e076d456909d740,src/java,src/test
964eed4d6927aa0e28f6ed852c4ac9b43689eb5b,src/java,src/test
3d11eda13babc25a093b3b6d7e1f754d092efe7e,src/java,src/test
e34eebb948ad79404871c3ff78ece471eecbf295,src/java,src/test
dfbafde852cd1de8b6dd6dbb76c4ae1121246e62,src/java,src/test
16e9e2fd9263c312cdbe90e208fb2754638ebcae,src/java,src/test
b54f2578bc8f922b958219995fcad9cfbd4e608e,src/java,src/test
6c740e79cb07ec9074b2c77822732c0678690ae9,src/java,src/test
88cf9e4ab6e1b127de46fb2540f4d1fffac56442,src/java,src/test
2ddaae14dd23643a4b5f71f8274534b0b34556a4,src/java,src/test
d1121d3ad3154e3564e150555dcedb368ad3aa94,src/java,src/test
a3e716227a66fb02fc9cce926b8820a7b1c5f2c4,src/java,src/test
4745ade0eb9450e51476269ad3d55db52df677e6,src/java,src/test
b0c92c04fe83ff9348221ac6964f73badffd9b90,src/java,src/test
4141904a4bc95471d2f80ecf35d012e7fcf34bb3,src/java,src/test
84234a65638f0e9e4be73dfcccaa6530a5b571af,src/java,src/test
daed6dcaea7b9aabd9d815cb58583459bc5202e6,src/java,src/test
60144879b0b43658ca645fadb32b109e3d71a2e0,src/java,src/test
eeb83e4d69f835a5a1da54f6fd1f541d9ed7a80d,src/java,src/test
ac6e754ecfc86822aa1ab74d657b0b3f0222b2e6,src/java,src/test
02dd7c20646bf67dcfb6f7da6beeb7cdffc6ac22,src/java,src/test
6a585453d385449dc23d90479488f92f02cd6b83,src/java,src/test
82a6c04ff0e0520409613b6b9fdf378180993eab,src/java,src/test
e66e2de3fafbdce55f51c942b970d4fbc0370a77,src/java,src/test
27cf61e22583db8e796e7c14f1f20fbc9538b1ef,src/java,src/test
fba4aa31507935bb96947cf86e5402e88ef49be4,src/java,src/test
c1b7d4ccd8d500879aae6b0c6d202e2b0f5007cc,src/java,src/test
6965e162f7869707ef44376333ec4187774d7fea,src/java,src/test
b06bec2f1435c8755549028bc6d1ca376a9e2bed,src/java,src/test
879c762baac4a9d7aade43d302e730e239a54c21,src/java,src/test
aa2434d301c49d100f50af544333886a6767ce9d,src/java,src/test
e07fd870ca76f478ffd17755e57cfc7bb5ff747e,src/java,src/test
f0fba7bff7de067e12a78169d1371f3773f3f5a7,src/java,src/test
b6d40db357629f602fca264dd5e620920c5aae3d,src/java,src/test
74cb5d9ba005bad15f4a07d8e07fe8fce199920a,src/java,src/test
ab337e11b08231f6df1ec1ae950144f14a49871a,src/java,src/test
658f9a47fdcc2c4fe2d62eeb0b7c77d295dad86c,src/java,src/test
29c13c2a30fa5f0e6eaf57205534a85990a5a5cb,src/java,src/test
7e0f02dc37a77aab83bf0368e8592c18cdde23d2,src/java,src/test
6a999186695d404ccb6c1528df68fe2eb42863c2,src/java,src/test
4c971f08861e8cefb8ca9ac20799bfdad4e973a4,src/java,src/test
96c3d7ddba36c2292d8127aa4a56edb4f501daf3,src/java,src/test
e7c2198454153e0d74535e21cafbf1583a92de55,src/java,src/test
10b14afb9ff42a3f216296f526f65d001b545e3f,src/java,src/test
3433f467554985a6bd9bf530a4810376be6fe250,src/java,src/test
a2cf820dd69e55050a8db004c305a6133c3feb2e,src/java,src/test
20002f7f4e971349a1c95dd3b05846c5b824b65c,src/java,src/test
f588f55ad6ee8d64fcb9956847dfa8c064d888ee,src/main/java,src/test/java
5560a086886c4d6dba2c30eb75e57e3167765c6e,src/main/java,src/test/java
324b7f901b91614927926a5bab1d9e0e2325f018,src/main/java,src/test/java
4381ba54c845402f18760fb04ff1f6db1922f6b2,src/main/java,src/test/java
4d2c8a22d1e1831858029b8ef225a07f4445a221,src/main/java,src/test/java
23df383408513eddaf3e6dc4244c89fd48427695,src/main/java,src/test/java
777cb81088d47472df21a452edd5ba568d4b3fdf,src/main/java,src/test/java
99222749ca9b0d9338ed5df796db9c32b82424b8,src/main/java,src/test/java
483f811dfefdc6bee162481425f261d983f15e4a,src/main/java,src/test/java
3d57a495145916d1cd183cced771935c06da786a,src/main/java,src/test/java
b88c9ba0b2c8a8a21862d405bf24098f7037dbed,src/main/java,src/test/java
0ef85fe1117d2b0c8a74558d811c30e8ceb9be62,src/main/java,src/test/java
4eb17f5ab2ee09cc00f4ce4d2e26cc7ddffa8cc9,src/main/java,src/test/java
40c4892e932afba6ac2ace430ee59a465565bd50,src/main/java,src/test/java
62a3b36efc78e53c233c2fb49cc8199c5eabec1d,src/main/java,src/test/java
6d5ab6ae4d18514a9f8753da15a1d6c2fc707835,src/main/java,src/test/java
87c9813a79cde41b2f954688f15bd86588092c7f,src/main/java,src/test/java
e89475ca66e263698d3c4f08b589fa7e6aa444e0,src/main/java,src/test/java
df52eee396b1e8ce24fd1ec34752e1049618255a,src/main/java,src/test/java
46ad66ae8f1c805b40775e856d70277b669df6fb,src/main/java,src/test/java
82e49aae81638b90f2bff2df055b38aa8e70c088,src/main/java,src/test/java
9ed70efb45a95b0327232d1f9329f777bc428da7,src/main/java,src/test/java
b06091d23d7d2780fbb531d0082cee6999dbaa7f,src/main/java,src/test/java
faa6455a9a0bccf29d049f0b0958eb9b2e804fc3,src/main/java,src/test/java
639e070cfe87ea05f3aa618553e7971ccfaec0b7,src/main/java,src/test/java
ce5ebdf348d9b1d2e9c45d22c0d9cf582dcd059c,src/main/java,src/test/java
b1ffe271a5f8a6ff7b6bf714a9b2631e7dc6bbb0,src/main/java,src/test/java
b207a2bcef8e29df436bc393c3569947680e93e6,src/main/java,src/test/java
812594f4d224485343ec38620defda28d8b388b9,src/main/java,src/test/java
a899040f02e778e9481e03e1ce1b05611892895f,src/main/java,src/test/java
0a195067995244aff64008b556cd7113b3755930,src/main/java,src/test/java
a154084dbf5af77f6f3a64a7561fd77aadb78429,src/main/java,src/test/java
085a1538fa20d8e48faad49eaffd697f024bf1af,src/main/java,src/test/java
f6af62367494ff8d0d7844f7f435e5ee36c81dcf,src/main/java,src/test/java
afc13c445a4c80432e52d735685b272fadfeeddf,src/main/java,src/test/java
9e51962309fac2806f5fe0e4e3df94e0e187607a,src/main/java,src/test/java
1bf9e6c551b6a2e7d37291673a1ff77c338ce131,src/main/java,src/test/java
5764b6270287a74d31cb83f70ab38bdd916e619e,src/main/java,src/test/java
ac2a1c85616f0140418de9190389fe7b80296c39,src/main/java,src/test/java
abfcc8211f529ab75f3b3edd4a827e484109eb0b,src/main/java,src/test/java
a315e187908d184b1d40f9e7425bc65333a2d07a,src/main/java,src/test/java
f4a28c0463a414464ebe214a7790fde0b0069e3e,src/main/java,src/test/java
2c52075212094470def88dc8e2ebfc1940ce9f07,src/main/java,src/test/java
70a392756c713f404fed0e3ddd48aa18ce20485f,src/main/java,src/test/java
0b453953fa5f55cf2e8fd034d4d55972deb7647a,src/main/java,src/test/java
e400f9256a2af526e9a06b9d5d2965965109a8db,src/main/java,src/test/java
b0024d482050a08efc36c3cabee37c0af0e57a10,src/main/java,src/test/java
