932131e698e669cd7e0743a6999eab455f9de6b0,src/java,src/test
fab38abb27f2f92b9340cfc232eb5517434bf138,src/java,src/test
d3ba8ea8a502a0fe8bce7d29dc29e1a7159992de,src/java,src/test
5eb29ba7901ab88e8388095a8696c4ae13a2c163,src/java,src/test
716c03b3b12ec106974898451b149f6eb79c65da,src/java,src/test
fbc0337a6886409f66f10b6571f16ac855cf29fb,src/java,src/test
0d7e7dc5d0d27a43b01770f8a7f7c860eacdbbd1,src/java,src/test
ac549ce85746a5e53ef16d2de4e61fe7682e8528,src/java,src/test
8bdc976fbc725bba1cc16b77f12b85bbfa008bc5,src/java,src/test
34e73b6483b08da2d793eb613520e23c3d6afeb1,src/java,src/test
984778f3c264df5d608eb9697df2a268122ac66f,src/java,src/test
7975d634c5646e5378e034d5335d6c35bba241ff,src/java,src/test
6ce06b5c91cdc603476e9cdb2bf2b97655892d93,src/java,src/test
d80be208b8eefbf4ab6b2ea7d0f59eeb42479079,src/java,src/test
2130b277556eeb1ee97fbd4adc1c4e41c8994275,src/java,src/test
2bb50b71c9169033d917213ec753ff5af309965b,src/java,src/test
9f912437a14392f8d4c98aa811e9134fbf7b5a52,src/java,src/test
faad15dbcae827aa037bd7183ad5727724a21918,src/java,src/test
2afb75f6bd8896153bc4abe0e3b4640b0a7bcd63,src/java,src/test
f463ebc4d5c8e906500ebe0803c790fffcce925b,src/java,src/test
458f562cdbe13b42ae325ac88a082047fe05ab89,src/java,src/test
2a01dfaf8d6abbabc7e4cd5cfd05d2e0b4886708,src/java,src/test
5e277f495715b7552d8eb9d8493b6450c071a990,src/java,src/test
9b6406bf37af48e843b02fa8fd53dc673f3cbd1e,src/java,src/test
58fac658aba985ba77f8bd0156c6d01bec8d991b,src/java,src/test
bb12c5b5ec5ce80c8148749ffef72956c01571a0,src/java,src/test
1befe1b93eec887971e729b89dd4d900319a06b0,src/java,src/test
b546d575e5b626929a3649794f4e47bccc4fd3e3,src/java,src/test
40689aa2f3e6e601b51f6c590dbaf079325da772,src/java,src/test
1860d750670f46e64c276bae92d93f545dfb5bd5,src/java,src/test
3b3e58d3d35aaa7e8e35c0856611f4bfc3f291c7,src/java,src/test
626e5e5994a651085e9d2ccb1ca99c701f88bc68,src/java,src/test
52d73022820d163104c6419f25ca955f86464f63,src/java,src/test
d52074012200f55cbd3635591b914e2c1b19674f,src/java,src/test
15a67164cbefb9f9ae03b334888947d5fe5dccb4,src/java,src/test
f7539e4b6f2aec85a9057e9f1db066a63865c028,src/java,src/test
d59a1028a52cf133ce7a7d1c29d3c9ff2fb5ca2d,src/java,src/test
2c5243995eceb0de0a71271ce2ea7c02c38649fb,src/java,src/test
8a04f62fa755ec165152a03a516c186d20e8cd46,src/java,src/test
732384e20a231887cfa5bf07d5476ea98fbdeaac,src/java,src/test
33cabe52b5ab65bcbb67a2b725b3d97d09749f18,src/java,src/test
497ed5f8b0bb95ad7a97ea5f0cc517a0420e422f,src/java,src/test
0b3d4696ad7e3b66cb103490e90afa03176ea730,src/java,src/test
35095d43427355136d31c78acf2e54f635401efc,src/java,src/test
48294fe62b52a1786a65aa3e15fbccd99f8e5bca,src/java,src/test
ff833bd63fcc5d1ceb43288db0fd1c16a1893ef1,src/java,src/test
cba05b8e1ea9ee636b83a6380885d04f9eb3f479,src/java,src/test
21d2a885f80e92bd97eb8d3576a7d9287992d741,src/java,src/test
0103a6df86c1201a389f6b5d958c14dab656c071,src/java,src/test
3498545d61531235d7724aac13322915e7a82a1e,src/java,src/test
a246be412341240749cb353309624eaf71bed0e6,src/java,src/test
d84483bb338866c74382931d6fcf2b6243e75061,src/java,src/test
6d1ed4dd73e993ddfac3f2b30fd1ed03f2a35cb2,src/java,src/test
b247c3f8f7e242d54f4824ed4c7868914925075a,src/java,src/test
cd7b5363f4d505070c4438436caf0cdcdae3b5ec,src/java,src/test
57c3a7226ff9a5c36ab86e5e32233871b499994f,src/java,src/test
1b6c698cf83b389c2d973a17a2bdf58710cccfbb,src/java,src/test
e2c9d22b8dc59c707e32ef7fb05a3282792ce92b,src/java,src/test
6cf7092809515b6add5f0e83fd837b8e013c5256,src/java,src/test
1a292f1cd08ec2272c3565e0197ec11772db28c0,src/java,src/test
a1bc20f2af31730caa12faa116e14a964354f28d,src/java,src/test
4882e4423ae7bfb80c65da4aa547ef5aed16a007,src/java,src/test
cd0b3e7260bd6dbc87f0ae86308cf35d79e14d8f,src/java,src/test
788f8dcdb0be4c8ec90efc130272a346bf513a03,src/java,src/test
a0d78b706f115b6b8ce617d4055df7d4d9c07220,src/java,src/test
2f4778f92e7beed281f454e84d33bd5039d5a27e,src/java,src/test
2ccd4cf8393566c0db012ebe1aced3da12c9cf52,src/java,src/test
71ca5c1faae6447f42f363d5157d6391dcc091d7,src/java,src/test
dcf3c757b10bc76a60e11dcc41a2be6971d686be,src/java,src/test
b67345afa4817cc8bc7f14137ed1ef90ab299062,src/java,src/test
7b2847e882a9e4216dcf0f35d27101e363611532,src/java,src/test
b49587ad0e8f47bff05e877668f75812246e311f,src/java,src/test
85c981b832d8cb1df273b4065f7a08c27583702a,src/java,src/test
465e2febabc92b1906d520689b9d895d33b902ed,src/java,src/test
5badb5743937ebdc218a5ca51385e2153579cf1b,src/java,src/test
07b898f72113be256ecc1420f5388261d951c547,src/java,src/test
da7357ac3c5123699e0d16e39c04d729892eb7ac,src/java,src/test
515ed3d91e9e8ed1c1e8538a2ecbfc1f08ea473b,src/java,src/test
74c38b4e3c6eb051c03fb9994be33e2b65499c01,src/java,src/test
a48b10d2a39eab2eb5a6a7309edc98803ceffe81,src/java,src/test
820a69d81b3b5d33f4a2b2cd9f153450f7535452,src/java,src/test
99a20785daf2bfc018552e2eabed1067bf225013,src/java,src/test
5c538c4e51c6c5ebb43182d0c6e99ee8f7b3590c,src/java,src/test
afa2deca94436837e785b89362cfaaf84a8ca1bd,src/java,src/test
8113ba2c2c56cb2b2e20bcbc0db4fdeae48baeb3,src/java,src/test
4813289e895a8b06b455e6054aa74519e3069082,src/java,src/test
8c8b332f26a7623ceb40c9b930a0498990e7cb59,src/java,src/test
1a3d3e328e8dff4b1eed91eb13191e65874edaff,src/java,src/test
dceb292201df5d107168efa0da1b960a482d6617,src/java,src/test
88d74f19e9d610fbbe1e693864f94a678b748b8d,src/main/java,src/test/java
7014041092dcb07259f03304dcc0b19677c781ab,src/main/java,src/test/java
94f7c2c56bf7c6340c32f31e0d4faf457a978651,src/main/java,src/test/java
ee75bc64a9baa6a7f2a02435f6ee67f46f79dd61,src/main/java,src/test/java
4787cce8cd91f71233d0fd2807abca1fadb2c001,src/main/java,src/test/java
caa754ffd11c7b70de96e73984f7ac462bd25c93,src/main/java,src/test/java
3cbf86865bb4ef79aef30187c9a9d0b354638997,src/main/java,src/test/java
96c4ad9cf88d0237e22175b65c260db222acaefb,src/main/java,src/test/java
99d8699abf36807b6d1745e4d6515a58015e0bee,src/main/java,src/test/java
